-- MariaDB dump 10.17  Distrib 10.4.15-MariaDB, for Linux (x86_64)
--
-- Host: mysql.hostinger.ro    Database: u574849695_18
-- ------------------------------------------------------
-- Server version	10.4.15-MariaDB-cll-lve

/*!40101 SET @OLD_CHARACTER_SET_CLIENT=@@CHARACTER_SET_CLIENT */;
/*!40101 SET @OLD_CHARACTER_SET_RESULTS=@@CHARACTER_SET_RESULTS */;
/*!40101 SET @OLD_COLLATION_CONNECTION=@@COLLATION_CONNECTION */;
/*!40101 SET NAMES utf8mb4 */;
/*!40103 SET @OLD_TIME_ZONE=@@TIME_ZONE */;
/*!40103 SET TIME_ZONE='+00:00' */;
/*!40014 SET @OLD_UNIQUE_CHECKS=@@UNIQUE_CHECKS, UNIQUE_CHECKS=0 */;
/*!40014 SET @OLD_FOREIGN_KEY_CHECKS=@@FOREIGN_KEY_CHECKS, FOREIGN_KEY_CHECKS=0 */;
/*!40101 SET @OLD_SQL_MODE=@@SQL_MODE, SQL_MODE='NO_AUTO_VALUE_ON_ZERO' */;
/*!40111 SET @OLD_SQL_NOTES=@@SQL_NOTES, SQL_NOTES=0 */;

--
-- Table structure for table `communities`
--

DROP TABLE IF EXISTS `communities`;
/*!40101 SET @saved_cs_client     = @@character_set_client */;
/*!40101 SET character_set_client = utf8 */;
CREATE TABLE `communities` (
  `id` bigint(20) unsigned NOT NULL AUTO_INCREMENT,
  `name` varchar(145) COLLATE utf8mb4_unicode_ci NOT NULL,
  `description` varchar(245) COLLATE utf8mb4_unicode_ci DEFAULT NULL,
  `admin_id` bigint(20) unsigned NOT NULL,
  PRIMARY KEY (`id`),
  KEY `fk_communities_users_admin_idx` (`admin_id`),
  CONSTRAINT `fk_communities_users` FOREIGN KEY (`admin_id`) REFERENCES `users` (`id`)
) ENGINE=InnoDB AUTO_INCREMENT=21 DEFAULT CHARSET=utf8mb4 COLLATE=utf8mb4_unicode_ci;
/*!40101 SET character_set_client = @saved_cs_client */;

--
-- Dumping data for table `communities`
--

LOCK TABLES `communities` WRITE;
/*!40000 ALTER TABLE `communities` DISABLE KEYS */;
INSERT INTO `communities` VALUES (1,'earum','Ut harum quo repellendus vel maiores provident quia. Et fuga culpa fugit ut esse officiis. Quibusdam est doloribus enim architecto et veniam sit.',1),(2,'autem','Nulla laboriosam explicabo perspiciatis error. Est architecto et aperiam magni unde eos aut incidunt. Similique nobis esse aut perferendis. Quae voluptatum debitis voluptas omnis quia.',2),(3,'mollitia','Est et a esse voluptatem enim aliquam. Quia enim magnam est laboriosam non officiis quidem. Dolorem impedit consequatur nesciunt iure pariatur sit. Non dolores perferendis alias veniam in.',3),(4,'temporibus','Qui in optio deleniti et. Itaque iste magni quis quis ab voluptates. Magnam pariatur in eum ut necessitatibus laboriosam porro.',4),(5,'a','Sapiente voluptatum accusamus tempore est voluptas maiores. Cum molestiae consequatur maiores. Libero sequi omnis suscipit aut. Praesentium nemo aut aspernatur id nobis.',5),(6,'consequuntur','Qui iusto omnis et. In sed adipisci voluptas odit dignissimos quam. Et quod laboriosam qui ab. Quis et ipsa vitae non sed aliquid totam.',6),(7,'quibusdam','Labore est et fuga. Veniam atque qui ut vitae id nulla et. Nihil ut laboriosam dolorem officia. Rerum molestiae quo est quaerat similique ipsum provident. Qui eligendi et et dolores provident harum.',7),(8,'expedita','Ratione unde voluptas omnis quia provident sequi et laudantium. Quas qui sed libero non omnis. Quibusdam autem neque rem occaecati nemo iure. Cupiditate harum aut fuga sunt unde numquam accusantium porro.',8),(9,'sit','Cumque quidem perspiciatis quaerat fuga deleniti eum et quod. Rerum aliquam delectus nisi consequatur in.',9),(10,'dolores','Eius amet nesciunt voluptates delectus aut. Quos et id corporis voluptatibus nisi itaque. Blanditiis praesentium mollitia quisquam quia ut rerum est.',10),(11,'hic','Deserunt soluta quae numquam reiciendis vel tempore ipsa. Sunt amet ipsam hic incidunt tenetur voluptatem. Ex quae quis deserunt corporis repellat.',11),(12,'perspiciatis','Tempore consectetur distinctio enim tempora eligendi. Ipsum odit minima molestias. Voluptatem eligendi eum in recusandae minus perferendis qui.',12),(13,'qui','Facere aut perspiciatis incidunt asperiores qui aliquid. Non reprehenderit ut natus sit vero earum iure. Debitis tenetur illum commodi alias hic repellendus.',13),(14,'quae','Reiciendis dolorem amet consequuntur quis sint voluptatum est. Quibusdam enim aut quia sed. Est qui commodi modi numquam.',14),(15,'corporis','Ducimus quo ut asperiores voluptatem rerum eligendi. Voluptatibus provident aut nisi sed. Minima facilis sint occaecati quis iure sapiente. Nihil voluptatum aut dolores id.',15),(16,'earum','Debitis ipsam et voluptates. Autem voluptate quidem quo inventore suscipit in officia. Facilis inventore itaque corporis in. Distinctio est aut distinctio animi dolorem quod. Totam aliquam corrupti neque ut facere et expedita.',16),(17,'et','Molestias omnis tempora blanditiis non et. Magnam incidunt quo aut odit. Necessitatibus voluptatem nobis delectus id modi quidem et. Voluptas eveniet sit eum et blanditiis.',17),(18,'sint','Quo veniam a eum est et quisquam. Consectetur voluptatibus inventore ut quaerat. Illum quae at nemo ducimus eveniet dignissimos. Quia facilis sit fuga aliquam soluta incidunt.',18),(19,'adipisci','Pariatur sint eos odit quidem laudantium quae quibusdam. Eligendi eligendi odio libero saepe. Temporibus ducimus quibusdam maiores et vel sint. Quam quaerat nisi voluptatibus excepturi repellat.',19),(20,'non','Ipsa ut voluptates rerum ut aut. Beatae officia alias quibusdam dolore et eum nisi dolores.',20);
/*!40000 ALTER TABLE `communities` ENABLE KEYS */;
UNLOCK TABLES;

--
-- Table structure for table `communities_users`
--

DROP TABLE IF EXISTS `communities_users`;
/*!40101 SET @saved_cs_client     = @@character_set_client */;
/*!40101 SET character_set_client = utf8 */;
CREATE TABLE `communities_users` (
  `community_id` bigint(20) unsigned NOT NULL,
  `user_id` bigint(20) unsigned NOT NULL,
  `created_at` datetime NOT NULL DEFAULT current_timestamp(),
  PRIMARY KEY (`community_id`,`user_id`),
  KEY `fk_communities_users_comm_idx` (`community_id`),
  KEY `fk_communities_users_users_idx` (`user_id`),
  CONSTRAINT `fk_communities_users_comm` FOREIGN KEY (`community_id`) REFERENCES `communities` (`id`),
  CONSTRAINT `fk_communities_users_users` FOREIGN KEY (`user_id`) REFERENCES `users` (`id`)
) ENGINE=InnoDB DEFAULT CHARSET=utf8mb4 COLLATE=utf8mb4_unicode_ci;
/*!40101 SET character_set_client = @saved_cs_client */;

--
-- Dumping data for table `communities_users`
--

LOCK TABLES `communities_users` WRITE;
/*!40000 ALTER TABLE `communities_users` DISABLE KEYS */;
INSERT INTO `communities_users` VALUES (1,1,'1974-12-08 22:50:50'),(1,21,'1977-11-30 14:57:32'),(1,41,'2013-06-01 07:21:37'),(1,61,'1986-05-17 06:34:56'),(1,81,'2000-08-21 08:33:19'),(2,2,'1989-02-02 03:52:57'),(2,22,'1974-03-21 07:59:56'),(2,42,'2019-06-13 22:22:57'),(2,62,'1971-07-23 23:50:30'),(2,82,'1970-01-04 14:47:31'),(3,3,'1993-06-16 05:41:46'),(3,23,'2020-08-25 06:39:30'),(3,43,'1992-03-23 03:50:04'),(3,63,'2012-03-20 21:00:14'),(3,83,'2019-09-02 14:51:52'),(4,4,'1988-07-02 21:56:44'),(4,24,'2013-02-28 17:20:56'),(4,44,'1987-01-07 19:51:59'),(4,64,'2010-05-17 12:07:35'),(4,84,'2004-09-08 17:58:03'),(5,5,'1986-05-15 16:07:50'),(5,25,'1996-09-15 02:30:22'),(5,45,'1984-04-02 03:08:18'),(5,65,'1991-04-18 23:38:11'),(5,85,'1997-09-07 20:54:02'),(6,6,'1994-12-24 20:57:11'),(6,26,'2015-11-09 08:07:09'),(6,46,'1972-01-07 00:02:45'),(6,66,'1998-10-03 10:57:46'),(6,86,'2012-03-13 16:28:13'),(7,7,'1973-09-03 12:02:24'),(7,27,'1996-12-27 14:13:53'),(7,47,'2006-09-25 00:18:09'),(7,67,'2009-10-30 23:27:39'),(7,87,'1998-07-19 01:02:06'),(8,8,'1981-03-13 14:06:42'),(8,28,'2001-10-05 05:23:29'),(8,48,'1978-04-11 23:18:09'),(8,68,'2007-01-08 08:31:18'),(8,88,'2020-12-23 07:20:57'),(9,9,'1981-04-29 03:34:14'),(9,29,'2015-10-27 20:07:51'),(9,49,'2018-06-01 20:04:39'),(9,69,'2012-12-01 03:19:18'),(9,89,'1995-12-03 04:12:47'),(10,10,'1983-05-20 07:16:44'),(10,30,'2005-10-21 19:11:18'),(10,50,'2003-05-14 17:59:03'),(10,70,'2009-05-03 13:21:41'),(10,90,'1993-07-25 06:20:50'),(11,11,'1979-06-04 13:22:13'),(11,31,'1988-02-06 20:41:17'),(11,51,'1970-10-26 20:03:25'),(11,71,'2002-06-24 04:14:55'),(11,91,'1990-06-21 05:23:05'),(12,12,'2015-02-16 11:44:42'),(12,32,'2020-08-08 11:40:44'),(12,52,'2020-03-31 16:32:34'),(12,72,'2020-06-10 18:43:03'),(12,92,'1971-08-24 20:12:20'),(13,13,'2009-02-04 10:25:15'),(13,33,'1996-08-27 18:21:48'),(13,53,'1997-02-03 05:30:51'),(13,73,'1997-12-03 15:33:24'),(13,93,'2014-02-21 09:55:30'),(14,14,'2010-05-09 00:26:44'),(14,34,'1978-05-23 05:21:43'),(14,54,'1983-05-16 15:01:00'),(14,74,'2014-04-25 01:29:09'),(14,94,'1988-12-28 13:44:28'),(15,15,'1974-03-02 09:52:36'),(15,35,'1974-03-18 20:37:31'),(15,55,'1973-02-18 15:13:58'),(15,75,'1979-10-06 09:44:47'),(15,95,'1976-11-29 08:46:56'),(16,16,'2012-10-05 04:58:06'),(16,36,'2007-09-10 23:41:58'),(16,56,'2000-07-03 19:48:17'),(16,76,'1998-11-26 21:27:42'),(16,96,'2012-11-23 11:03:20'),(17,17,'2007-09-30 12:05:53'),(17,37,'1998-01-24 14:13:59'),(17,57,'2010-05-21 13:06:37'),(17,77,'1980-04-01 04:10:55'),(17,97,'2017-02-21 20:43:34'),(18,18,'1985-07-16 21:53:24'),(18,38,'2020-07-06 23:10:02'),(18,58,'1975-10-03 03:49:38'),(18,78,'2002-11-26 12:16:44'),(18,98,'1992-02-04 15:27:23'),(19,19,'1971-07-20 20:41:43'),(19,39,'1998-10-05 11:21:32'),(19,59,'2015-01-05 08:09:56'),(19,79,'2003-12-29 15:55:18'),(19,99,'1991-01-18 14:40:53'),(20,20,'2012-09-16 12:51:01'),(20,40,'2014-12-20 16:16:41'),(20,60,'2011-08-15 09:57:25'),(20,80,'2007-08-03 07:14:10'),(20,100,'2009-04-20 15:23:01');
/*!40000 ALTER TABLE `communities_users` ENABLE KEYS */;
UNLOCK TABLES;

--
-- Table structure for table `friend_requests`
--

DROP TABLE IF EXISTS `friend_requests`;
/*!40101 SET @saved_cs_client     = @@character_set_client */;
/*!40101 SET character_set_client = utf8 */;
CREATE TABLE `friend_requests` (
  `from_user_id` bigint(20) unsigned NOT NULL,
  `to_user_id` bigint(20) unsigned NOT NULL,
  `accepted` tinyint(1) DEFAULT 0,
  `created_at` datetime DEFAULT current_timestamp(),
  `updated_at` datetime DEFAULT NULL ON UPDATE current_timestamp(),
  PRIMARY KEY (`from_user_id`,`to_user_id`),
  KEY `fk_friend_requests_from_user_idx` (`from_user_id`),
  KEY `fk_friend_requests_to_user_idx` (`to_user_id`),
  CONSTRAINT `fk_friend_requests_users_1` FOREIGN KEY (`from_user_id`) REFERENCES `users` (`id`),
  CONSTRAINT `fk_friend_requests_users_2` FOREIGN KEY (`to_user_id`) REFERENCES `users` (`id`)
) ENGINE=InnoDB DEFAULT CHARSET=utf8mb4 COLLATE=utf8mb4_unicode_ci;
/*!40101 SET character_set_client = @saved_cs_client */;

--
-- Dumping data for table `friend_requests`
--

LOCK TABLES `friend_requests` WRITE;
/*!40000 ALTER TABLE `friend_requests` DISABLE KEYS */;
INSERT INTO `friend_requests` VALUES (1,1,0,'2008-05-20 16:31:05','1972-06-19 21:26:34'),(2,2,1,'2002-06-16 01:19:32','2012-11-05 14:05:40'),(3,3,1,'1991-11-01 23:19:10','1986-11-17 23:53:24'),(4,4,0,'2005-02-09 05:32:33','1973-03-28 17:32:08'),(5,5,0,'1984-03-05 20:37:53','1995-12-28 01:37:52'),(6,6,1,'2016-09-27 12:08:48','1999-01-05 18:53:37'),(7,7,1,'1978-03-05 10:59:02','1981-04-24 04:47:27'),(8,8,1,'2004-08-31 13:37:52','2004-06-08 07:27:23'),(9,9,1,'1999-11-02 23:35:08','2019-10-19 21:52:45'),(10,10,0,'1973-09-12 12:35:46','1976-06-02 23:47:58'),(11,11,1,'1972-02-15 14:39:02','1983-10-18 08:22:44'),(12,12,1,'1998-09-20 17:32:51','2017-12-24 16:54:11'),(13,13,1,'1995-06-28 10:08:22','1993-10-23 12:14:49'),(14,14,1,'1980-09-24 04:58:59','2015-08-29 04:34:28'),(15,15,0,'2019-10-03 20:46:27','1986-11-25 16:34:55'),(16,16,1,'1991-10-30 11:28:52','1994-12-05 11:50:07'),(17,17,0,'2008-09-05 15:36:01','2000-07-19 15:19:55'),(18,18,0,'2018-08-03 05:08:35','2016-01-13 01:40:04'),(19,19,1,'1978-05-27 05:45:12','2012-12-16 19:13:41'),(20,20,0,'2009-07-10 23:09:09','2001-05-30 02:04:40'),(21,21,0,'2009-08-16 19:59:04','2000-12-05 20:38:59'),(22,22,0,'2004-02-09 11:10:45','1973-03-23 15:39:43'),(23,23,0,'2004-05-30 07:02:28','1991-05-21 03:28:53'),(24,24,0,'2015-01-09 00:15:43','1985-06-12 04:33:00'),(25,25,0,'1978-07-14 23:13:14','2018-01-15 23:19:24'),(26,26,0,'2003-01-06 09:51:10','1991-11-01 17:02:26'),(27,27,0,'2010-12-17 23:27:37','2007-09-25 03:14:23'),(28,28,0,'2015-06-27 06:32:53','2015-11-02 00:34:45'),(29,29,1,'2015-02-19 09:20:42','1983-05-16 20:56:35'),(30,30,1,'2009-07-19 11:09:27','1987-07-20 05:56:15'),(31,31,1,'1986-11-04 20:07:46','2000-05-10 19:21:22'),(32,32,1,'2000-08-11 05:49:04','1976-08-06 08:40:53'),(33,33,0,'2004-06-09 03:05:19','1992-05-21 22:11:04'),(34,34,1,'2014-04-16 23:07:07','1997-07-30 13:50:05'),(35,35,1,'1987-06-16 15:34:42','2000-12-22 06:12:37'),(36,36,1,'2017-02-16 14:37:49','1991-02-24 09:07:06'),(37,37,1,'1982-09-02 21:01:54','1995-12-29 20:03:24'),(38,38,0,'1970-08-12 08:21:27','1987-05-18 21:41:55'),(39,39,0,'2013-12-05 22:27:08','2000-12-20 02:54:22'),(40,40,1,'1994-07-11 04:02:39','1988-01-20 09:52:08'),(41,41,0,'1988-03-01 06:05:59','1991-11-07 19:48:12'),(42,42,0,'2002-02-25 21:07:27','1976-08-02 07:50:39'),(43,43,1,'2018-01-11 05:10:27','2005-11-13 23:59:39'),(44,44,1,'1974-09-10 07:55:41','2006-09-25 22:44:58'),(45,45,0,'1981-08-03 03:05:48','2007-01-18 06:29:45'),(46,46,1,'1989-01-28 16:01:07','2000-09-01 01:30:22'),(47,47,0,'2006-04-18 05:30:43','1970-11-15 00:25:32'),(48,48,1,'1970-10-21 11:26:57','1971-06-15 07:39:41'),(49,49,0,'2013-12-22 22:36:20','1983-02-22 15:16:43'),(50,50,1,'1978-10-16 18:01:05','2003-12-22 09:54:08');
/*!40000 ALTER TABLE `friend_requests` ENABLE KEYS */;
UNLOCK TABLES;

--
-- Table structure for table `media`
--

DROP TABLE IF EXISTS `media`;
/*!40101 SET @saved_cs_client     = @@character_set_client */;
/*!40101 SET character_set_client = utf8 */;
CREATE TABLE `media` (
  `id` bigint(20) unsigned NOT NULL AUTO_INCREMENT,
  `user_id` bigint(20) unsigned NOT NULL,
  `media_types_id` int(10) unsigned NOT NULL,
  `file_name` varchar(245) COLLATE utf8mb4_unicode_ci DEFAULT NULL COMMENT '/files/folder/img.png',
  `file_size` bigint(20) DEFAULT NULL,
  `created_at` datetime NOT NULL DEFAULT current_timestamp(),
  PRIMARY KEY (`id`),
  KEY `fk_media_media_types_idx` (`media_types_id`),
  KEY `fk_media_users_idx` (`user_id`),
  CONSTRAINT `fk_media_media_types` FOREIGN KEY (`media_types_id`) REFERENCES `media_types` (`id`),
  CONSTRAINT `fk_media_users` FOREIGN KEY (`user_id`) REFERENCES `users` (`id`)
) ENGINE=InnoDB AUTO_INCREMENT=501 DEFAULT CHARSET=utf8mb4 COLLATE=utf8mb4_unicode_ci;
/*!40101 SET character_set_client = @saved_cs_client */;

--
-- Dumping data for table `media`
--

LOCK TABLES `media` WRITE;
/*!40000 ALTER TABLE `media` DISABLE KEYS */;
INSERT INTO `media` VALUES (1,1,1,'iure',0,'1970-08-19 19:36:52'),(2,2,2,'autem',16518,'1993-04-21 07:17:11'),(3,3,3,'et',165548435,'1996-02-28 03:08:49'),(4,4,4,'non',32,'2018-10-28 03:23:16'),(5,5,1,'consequatur',1,'2000-10-10 14:41:00'),(6,6,2,'dolorum',0,'1974-05-05 19:59:04'),(7,7,3,'quia',98437546,'2009-05-08 07:51:02'),(8,8,4,'blanditiis',130135539,'1994-05-25 10:56:54'),(9,9,1,'ut',108362915,'1972-02-17 04:43:07'),(10,10,2,'voluptate',0,'1980-04-24 17:06:00'),(11,11,3,'explicabo',0,'2020-11-15 10:51:23'),(12,12,4,'non',67205,'1999-04-16 21:16:32'),(13,13,1,'aut',453,'1981-10-14 07:05:40'),(14,14,2,'voluptatem',51,'1988-04-17 19:29:15'),(15,15,3,'et',1011,'1974-10-09 14:27:37'),(16,16,4,'in',0,'2002-11-08 19:31:37'),(17,17,1,'magni',43,'1981-07-28 18:27:51'),(18,18,2,'et',935788,'1995-07-16 20:48:46'),(19,19,3,'omnis',901,'2000-01-18 09:07:31'),(20,20,4,'dolore',3664325,'1985-05-05 19:06:19'),(21,21,1,'iste',0,'2020-03-16 18:23:01'),(22,22,2,'sit',6504,'1978-07-10 09:07:00'),(23,23,3,'repudiandae',534045,'2015-06-05 08:26:30'),(24,24,4,'maiores',41753774,'1984-10-06 03:22:17'),(25,25,1,'nam',8,'2015-06-24 00:53:07'),(26,26,2,'blanditiis',0,'2018-09-20 11:26:45'),(27,27,3,'autem',646899094,'2011-08-03 13:18:55'),(28,28,4,'modi',421626673,'2006-03-16 21:13:40'),(29,29,1,'ipsum',19,'1981-02-28 02:43:22'),(30,30,2,'numquam',30348166,'1982-07-05 03:22:59'),(31,31,3,'officia',91265735,'1971-01-03 06:58:08'),(32,32,4,'accusantium',20087477,'2008-10-05 23:00:28'),(33,33,1,'et',65833,'2018-04-16 03:55:05'),(34,34,2,'voluptatem',0,'2009-01-23 01:19:28'),(35,35,3,'facilis',363338,'1973-06-09 11:38:30'),(36,36,4,'et',15723,'2001-01-17 14:47:05'),(37,37,1,'dolorem',60908192,'1978-11-26 16:54:27'),(38,38,2,'dignissimos',24231065,'2009-11-09 07:46:40'),(39,39,3,'voluptas',25173,'1976-09-11 17:53:56'),(40,40,4,'quia',5767,'1983-01-30 20:52:53'),(41,41,1,'in',1579,'2012-02-03 05:11:30'),(42,42,2,'error',0,'1971-10-02 05:59:59'),(43,43,3,'assumenda',414,'1997-03-12 06:16:54'),(44,44,4,'provident',2656,'1973-11-16 13:23:48'),(45,45,1,'saepe',2947,'2015-02-27 07:57:02'),(46,46,2,'mollitia',0,'1986-05-16 02:51:28'),(47,47,3,'enim',48,'2006-02-12 23:42:30'),(48,48,4,'quis',636,'1984-10-26 06:28:26'),(49,49,1,'suscipit',1304,'1990-04-01 17:07:29'),(50,50,2,'assumenda',9,'1978-09-13 08:54:34'),(51,51,3,'officiis',363661,'1978-05-24 05:39:13'),(52,52,4,'deleniti',39,'2010-04-25 16:09:49'),(53,53,1,'enim',8,'1976-11-23 02:39:36'),(54,54,2,'omnis',0,'2000-07-04 07:08:52'),(55,55,3,'enim',338214,'2016-11-19 04:01:57'),(56,56,4,'at',634,'2015-09-12 13:38:25'),(57,57,1,'labore',97608855,'1975-11-24 02:20:49'),(58,58,2,'dolores',0,'1972-03-26 13:44:55'),(59,59,3,'asperiores',8,'1998-01-19 04:25:16'),(60,60,4,'tempora',45200578,'1982-06-04 07:09:57'),(61,61,1,'voluptatibus',84333,'1998-04-21 21:35:14'),(62,62,2,'perferendis',7,'1970-05-27 03:32:13'),(63,63,3,'qui',6,'2008-12-26 09:49:48'),(64,64,4,'quia',0,'2018-11-22 09:41:43'),(65,65,1,'ex',491,'2020-12-11 17:12:35'),(66,66,2,'labore',110,'1985-08-17 05:14:59'),(67,67,3,'ad',58497,'2010-06-10 04:48:01'),(68,68,4,'consequuntur',239751,'1992-07-10 00:09:01'),(69,69,1,'nemo',316,'1986-09-20 16:40:48'),(70,70,2,'quaerat',222077,'1971-11-29 16:21:50'),(71,71,3,'enim',2224620,'2017-10-18 22:56:21'),(72,72,4,'et',628577530,'2019-10-02 23:53:44'),(73,73,1,'veniam',9743,'1979-01-07 01:07:21'),(74,74,2,'est',38,'1993-06-20 20:22:04'),(75,75,3,'voluptas',6177,'1977-07-16 11:26:38'),(76,76,4,'voluptatem',57668821,'2018-10-14 05:35:50'),(77,77,1,'qui',5451770,'2013-09-04 09:03:11'),(78,78,2,'distinctio',0,'1999-12-07 13:24:37'),(79,79,3,'doloremque',0,'1997-11-21 09:04:36'),(80,80,4,'ut',980845,'1984-03-29 04:56:05'),(81,81,1,'quod',5138376,'1999-06-14 10:53:31'),(82,82,2,'ut',5385850,'1992-01-05 16:50:52'),(83,83,3,'voluptatem',471,'1986-08-20 07:48:21'),(84,84,4,'nulla',337,'2008-12-22 03:42:38'),(85,85,1,'earum',3850798,'1980-09-18 07:40:40'),(86,86,2,'dolores',861,'2008-08-05 01:08:33'),(87,87,3,'sed',99069,'1991-07-14 06:48:15'),(88,88,4,'eum',2,'1982-07-25 12:31:46'),(89,89,1,'eaque',3156827,'2019-08-31 04:45:33'),(90,90,2,'aut',1384,'1995-01-30 14:55:52'),(91,91,3,'in',444,'1972-03-26 04:54:19'),(92,92,4,'perferendis',20642,'1981-01-19 06:54:27'),(93,93,1,'at',1071510,'2004-05-30 23:30:32'),(94,94,2,'nobis',4759969,'1991-11-28 03:10:32'),(95,95,3,'blanditiis',293,'1994-09-22 08:07:09'),(96,96,4,'voluptates',563780635,'1981-10-07 20:58:51'),(97,97,1,'omnis',56,'1979-11-08 10:25:37'),(98,98,2,'sapiente',64387100,'1976-11-14 07:31:56'),(99,99,3,'aut',3424268,'2019-03-14 14:14:23'),(100,100,4,'aperiam',0,'1986-08-28 00:44:49'),(101,1,1,'qui',801192,'1990-06-19 15:50:48'),(102,2,2,'cumque',8277,'1997-07-15 05:02:51'),(103,3,3,'at',32,'1974-09-20 13:41:49'),(104,4,4,'reiciendis',7167,'2019-09-24 10:22:03'),(105,5,1,'error',718644,'2002-10-03 03:27:38'),(106,6,2,'vel',115217,'1986-03-31 11:47:54'),(107,7,3,'adipisci',7,'2002-08-27 02:43:27'),(108,8,4,'tempore',37,'2005-05-24 14:00:13'),(109,9,1,'officiis',702765,'1997-12-09 10:42:00'),(110,10,2,'ut',2795,'1993-04-23 00:10:37'),(111,11,3,'quisquam',47344025,'1979-07-18 06:34:29'),(112,12,4,'ullam',388539836,'1993-07-13 01:48:11'),(113,13,1,'illo',285,'2003-05-26 09:12:04'),(114,14,2,'sed',8452328,'1998-01-04 20:38:44'),(115,15,3,'sed',0,'1977-12-08 20:08:08'),(116,16,4,'perspiciatis',78925,'1999-07-23 05:45:10'),(117,17,1,'ullam',6,'2016-08-28 19:17:13'),(118,18,2,'voluptatibus',930492717,'1986-01-09 02:17:14'),(119,19,3,'aspernatur',8,'2013-04-06 22:06:30'),(120,20,4,'debitis',76308952,'2013-12-03 01:31:52'),(121,21,1,'odit',8,'1984-04-27 23:57:16'),(122,22,2,'nihil',37,'1974-06-09 20:05:06'),(123,23,3,'quis',2026348,'1985-11-12 22:15:47'),(124,24,4,'aut',183131197,'1986-12-02 19:08:02'),(125,25,1,'dicta',0,'1995-02-04 17:54:29'),(126,26,2,'quia',64,'1996-10-02 01:39:54'),(127,27,3,'autem',549,'2021-02-25 20:07:18'),(128,28,4,'et',449,'1999-09-14 16:10:22'),(129,29,1,'sunt',0,'2002-12-21 19:17:59'),(130,30,2,'in',12858,'2005-11-20 22:46:05'),(131,31,3,'enim',83,'1983-06-07 09:34:47'),(132,32,4,'temporibus',83081,'1990-11-04 15:29:52'),(133,33,1,'sed',46337,'1990-07-07 12:13:17'),(134,34,2,'vel',26788,'1989-10-19 11:00:20'),(135,35,3,'aliquam',24921701,'1978-06-30 02:47:24'),(136,36,4,'quis',690008,'2009-03-01 07:13:14'),(137,37,1,'inventore',4190,'2004-10-19 00:26:08'),(138,38,2,'adipisci',78,'1984-10-31 21:57:49'),(139,39,3,'laudantium',0,'2013-10-23 18:02:07'),(140,40,4,'harum',990,'2021-03-08 05:18:00'),(141,41,1,'qui',4,'1993-06-13 16:32:19'),(142,42,2,'ab',9446,'2005-07-12 21:01:31'),(143,43,3,'aut',0,'1981-11-12 09:10:49'),(144,44,4,'ut',1072,'1987-04-21 08:43:29'),(145,45,1,'omnis',5032,'2014-12-17 13:57:48'),(146,46,2,'quia',157,'1981-01-11 15:13:10'),(147,47,3,'quia',0,'2011-09-20 22:42:45'),(148,48,4,'voluptas',71153507,'1990-07-04 19:07:07'),(149,49,1,'repellat',586264290,'1988-10-03 16:34:36'),(150,50,2,'reprehenderit',41,'2012-07-22 16:23:59'),(151,51,3,'molestiae',80138914,'1999-07-07 02:48:14'),(152,52,4,'ut',66,'2013-03-03 21:29:21'),(153,53,1,'ab',938251,'1994-05-03 22:17:14'),(154,54,2,'earum',326484,'2014-05-31 10:51:52'),(155,55,3,'itaque',0,'1986-08-18 08:20:04'),(156,56,4,'facere',47918,'1974-05-03 02:50:34'),(157,57,1,'necessitatibus',34323226,'1999-06-15 23:44:38'),(158,58,2,'sed',60190,'1971-05-29 15:02:28'),(159,59,3,'unde',641,'2020-06-24 09:52:03'),(160,60,4,'quasi',7115,'2015-07-08 19:41:23'),(161,61,1,'beatae',6985943,'1978-10-28 14:37:05'),(162,62,2,'sequi',0,'2006-10-26 12:42:25'),(163,63,3,'minus',0,'1999-02-03 18:50:08'),(164,64,4,'voluptas',580005,'2002-12-16 06:04:04'),(165,65,1,'blanditiis',4604820,'2017-05-19 03:31:46'),(166,66,2,'culpa',44394986,'2012-06-19 12:39:32'),(167,67,3,'molestiae',73,'1995-05-26 10:05:33'),(168,68,4,'odio',58481,'2015-06-08 09:45:11'),(169,69,1,'excepturi',3361,'1995-02-24 14:55:01'),(170,70,2,'beatae',583,'1993-01-04 01:34:54'),(171,71,3,'eligendi',275706,'1995-09-19 09:39:26'),(172,72,4,'mollitia',72,'2019-06-14 19:19:34'),(173,73,1,'et',1455246,'2010-08-25 18:39:03'),(174,74,2,'officiis',613,'2003-04-19 19:19:43'),(175,75,3,'eveniet',34902,'1980-12-21 16:44:00'),(176,76,4,'laboriosam',97329994,'2016-02-07 11:50:35'),(177,77,1,'aliquam',28773,'1976-04-05 00:30:28'),(178,78,2,'nam',41587249,'1982-07-20 17:56:03'),(179,79,3,'cupiditate',2868346,'1995-01-16 02:49:19'),(180,80,4,'vel',145355969,'1998-08-31 18:28:58'),(181,81,1,'rerum',5,'1989-04-08 18:33:09'),(182,82,2,'ullam',403530686,'1983-01-21 17:38:03'),(183,83,3,'repellat',46856333,'1983-03-26 14:29:34'),(184,84,4,'ex',6994206,'2018-05-27 13:40:36'),(185,85,1,'consequatur',4361,'1974-08-06 07:33:54'),(186,86,2,'dolor',140856192,'1978-05-31 05:16:13'),(187,87,3,'commodi',69299,'2006-07-20 12:06:15'),(188,88,4,'a',94270870,'2002-06-25 21:24:08'),(189,89,1,'et',9883612,'2003-04-14 16:34:11'),(190,90,2,'ad',0,'2003-10-04 15:43:46'),(191,91,3,'dolor',8,'1994-08-11 20:58:02'),(192,92,4,'necessitatibus',32230,'1999-04-22 05:23:59'),(193,93,1,'omnis',64442748,'2014-01-21 19:34:20'),(194,94,2,'eius',38842,'1972-05-02 23:07:50'),(195,95,3,'autem',90420360,'2011-02-27 02:25:06'),(196,96,4,'iure',3055,'1987-10-01 09:24:09'),(197,97,1,'inventore',996,'1972-08-28 13:48:12'),(198,98,2,'laborum',448757507,'1973-05-21 13:51:21'),(199,99,3,'quis',680806961,'1992-06-05 11:29:07'),(200,100,4,'iusto',66287,'1986-10-08 11:05:50'),(201,1,1,'placeat',636,'1992-10-30 16:26:17'),(202,2,2,'reiciendis',3,'1993-11-25 15:13:32'),(203,3,3,'voluptas',2099750,'2010-01-29 19:05:52'),(204,4,4,'tempora',7,'2014-09-12 13:45:32'),(205,5,1,'laborum',18936490,'1998-01-22 20:11:12'),(206,6,2,'ut',264,'2015-07-26 12:28:23'),(207,7,3,'est',9,'1971-09-07 10:59:22'),(208,8,4,'doloribus',1694261,'1991-10-02 08:05:15'),(209,9,1,'ut',368361,'1972-04-19 02:32:24'),(210,10,2,'exercitationem',7,'2012-08-31 01:04:40'),(211,11,3,'tempora',1768480,'1985-01-17 10:32:23'),(212,12,4,'explicabo',9614,'1988-04-05 17:36:46'),(213,13,1,'ut',593,'2003-09-21 22:51:53'),(214,14,2,'sint',106022491,'1984-10-24 13:27:59'),(215,15,3,'repellat',404,'2005-08-23 12:37:20'),(216,16,4,'ut',88419196,'1971-10-26 01:03:00'),(217,17,1,'ipsa',74556163,'1978-06-27 17:44:37'),(218,18,2,'et',576650,'1988-01-15 22:42:11'),(219,19,3,'dolorem',8,'1970-12-22 18:55:39'),(220,20,4,'numquam',785,'1992-01-31 07:08:59'),(221,21,1,'omnis',0,'1995-03-09 08:51:51'),(222,22,2,'earum',5616,'1975-03-30 04:57:02'),(223,23,3,'possimus',6103822,'2000-11-08 09:08:45'),(224,24,4,'unde',0,'1975-06-04 19:24:10'),(225,25,1,'fugiat',984564,'2015-08-08 04:36:00'),(226,26,2,'deleniti',534,'2001-01-27 21:57:13'),(227,27,3,'modi',5711549,'1970-06-15 16:16:44'),(228,28,4,'et',6865,'1975-05-23 19:59:44'),(229,29,1,'et',50,'2008-08-31 09:54:55'),(230,30,2,'explicabo',476530,'2012-12-11 23:53:04'),(231,31,3,'blanditiis',4372136,'2004-04-16 04:52:16'),(232,32,4,'neque',17,'2009-12-12 17:33:07'),(233,33,1,'fugit',35582473,'1995-08-25 01:14:02'),(234,34,2,'soluta',60,'1996-08-27 00:24:10'),(235,35,3,'quaerat',8286141,'2018-03-11 01:34:17'),(236,36,4,'esse',0,'2001-10-05 04:29:53'),(237,37,1,'tenetur',4793,'1975-07-19 19:24:07'),(238,38,2,'fugiat',89037224,'2014-07-27 09:37:50'),(239,39,3,'deleniti',1499,'2014-03-03 03:30:16'),(240,40,4,'exercitationem',49787857,'2010-05-15 21:07:12'),(241,41,1,'eveniet',834556118,'2000-08-13 07:12:06'),(242,42,2,'quis',501167695,'1977-12-23 16:00:51'),(243,43,3,'provident',8980298,'2009-10-15 14:52:50'),(244,44,4,'iste',939,'1975-04-21 16:07:58'),(245,45,1,'qui',0,'1989-11-04 02:05:41'),(246,46,2,'veritatis',29,'1988-01-11 09:11:09'),(247,47,3,'eum',22,'1997-12-20 20:57:29'),(248,48,4,'sit',1677727,'1982-10-07 10:01:29'),(249,49,1,'velit',6484,'2020-09-04 02:54:05'),(250,50,2,'non',0,'1998-05-17 06:22:17'),(251,51,3,'ab',1347076,'1981-05-30 12:31:55'),(252,52,4,'explicabo',362688115,'2011-11-06 08:48:22'),(253,53,1,'iure',693,'1985-02-07 15:34:41'),(254,54,2,'necessitatibus',71441,'2015-11-27 15:56:52'),(255,55,3,'et',217,'2004-06-25 02:17:53'),(256,56,4,'sint',488097482,'2019-07-11 14:00:09'),(257,57,1,'beatae',6839251,'2001-07-12 03:53:16'),(258,58,2,'dicta',57954006,'1983-12-30 19:14:10'),(259,59,3,'sed',1,'1987-12-27 09:43:19'),(260,60,4,'nobis',284277,'1999-07-11 21:51:34'),(261,61,1,'delectus',2359,'2004-01-24 11:08:23'),(262,62,2,'aut',14,'2007-01-09 15:55:18'),(263,63,3,'id',0,'2010-02-14 12:22:54'),(264,64,4,'perspiciatis',5,'2002-02-22 12:58:09'),(265,65,1,'sapiente',199,'1996-05-29 07:07:52'),(266,66,2,'qui',663439835,'2013-08-09 23:16:24'),(267,67,3,'laboriosam',911,'2009-02-24 05:53:11'),(268,68,4,'ipsam',224578,'2007-12-09 14:29:40'),(269,69,1,'consequatur',89,'1985-06-01 07:38:14'),(270,70,2,'distinctio',534676,'1992-03-09 07:12:10'),(271,71,3,'quaerat',8698,'2008-04-17 07:17:19'),(272,72,4,'deserunt',510178668,'1977-04-03 02:38:58'),(273,73,1,'enim',19102342,'1992-05-22 05:13:58'),(274,74,2,'fuga',1785,'1976-11-03 05:34:57'),(275,75,3,'sit',828847172,'2015-04-08 14:03:10'),(276,76,4,'delectus',5,'1996-11-14 00:35:53'),(277,77,1,'cum',58,'1989-01-18 14:49:07'),(278,78,2,'beatae',36,'1988-04-09 13:05:41'),(279,79,3,'explicabo',873845,'2010-04-02 15:53:14'),(280,80,4,'voluptates',9214,'2017-09-18 19:02:31'),(281,81,1,'provident',5255565,'2018-07-29 11:27:03'),(282,82,2,'qui',0,'2007-05-04 19:51:29'),(283,83,3,'et',538,'2013-04-05 13:02:16'),(284,84,4,'harum',590972,'1994-02-23 20:24:51'),(285,85,1,'officiis',960660,'1994-06-04 08:46:38'),(286,86,2,'consequatur',518929884,'1991-08-03 10:10:21'),(287,87,3,'sed',796962,'2001-11-12 15:01:39'),(288,88,4,'autem',11597,'1983-11-03 13:16:00'),(289,89,1,'nemo',152,'1975-04-02 15:54:16'),(290,90,2,'hic',47384607,'2007-01-16 11:58:15'),(291,91,3,'fuga',358378,'2000-01-31 14:22:25'),(292,92,4,'deleniti',9,'1993-07-14 10:35:57'),(293,93,1,'ut',10884,'1996-07-27 00:53:34'),(294,94,2,'voluptate',807261,'1994-04-23 18:46:23'),(295,95,3,'dolor',643327,'2014-08-14 04:10:01'),(296,96,4,'eos',1120264,'2001-12-16 21:54:48'),(297,97,1,'et',60342742,'1978-02-03 19:10:58'),(298,98,2,'reprehenderit',28635,'2012-03-02 10:13:58'),(299,99,3,'possimus',96077140,'2003-02-14 00:51:49'),(300,100,4,'doloribus',2,'2006-10-05 17:18:04'),(301,1,1,'adipisci',971132,'2014-11-25 10:16:21'),(302,2,2,'quam',77,'2019-11-08 04:17:45'),(303,3,3,'corporis',692068209,'2007-02-22 02:58:50'),(304,4,4,'ut',256016,'1976-12-04 20:24:20'),(305,5,1,'quaerat',2,'1995-02-05 19:01:38'),(306,6,2,'sapiente',552844500,'2010-09-21 03:23:48'),(307,7,3,'consequatur',524687,'2012-06-04 23:16:42'),(308,8,4,'quo',9,'1981-03-21 12:28:38'),(309,9,1,'incidunt',736260536,'1970-04-18 21:29:24'),(310,10,2,'fugit',89,'1978-06-05 04:03:32'),(311,11,3,'dolor',6,'2014-08-08 18:53:35'),(312,12,4,'quae',7462,'2020-04-04 09:36:49'),(313,13,1,'est',39,'1982-04-13 05:58:20'),(314,14,2,'adipisci',273041518,'1975-10-15 09:33:40'),(315,15,3,'sint',468845421,'2011-10-18 09:45:42'),(316,16,4,'et',7,'2012-05-17 09:48:00'),(317,17,1,'libero',516,'2004-02-16 18:18:20'),(318,18,2,'aut',504,'1994-04-25 11:53:35'),(319,19,3,'eos',6514742,'2008-12-01 17:39:24'),(320,20,4,'natus',8103,'1987-09-22 04:25:47'),(321,21,1,'odit',656,'1994-05-22 13:37:41'),(322,22,2,'eum',53394741,'1982-09-21 14:36:45'),(323,23,3,'sequi',8378525,'1993-01-11 01:12:58'),(324,24,4,'accusamus',176286617,'1986-06-13 17:25:18'),(325,25,1,'quas',4194542,'1970-06-19 18:06:07'),(326,26,2,'eum',0,'2017-02-15 21:33:50'),(327,27,3,'in',63150,'2018-06-10 15:51:58'),(328,28,4,'quia',19885733,'1977-07-25 21:23:49'),(329,29,1,'qui',39059,'2005-07-07 07:44:11'),(330,30,2,'et',1190256,'1990-10-11 15:47:10'),(331,31,3,'quos',0,'1989-11-06 14:07:26'),(332,32,4,'qui',8538562,'2013-02-25 13:54:31'),(333,33,1,'id',540468,'2003-06-26 05:26:49'),(334,34,2,'ducimus',386,'1982-03-20 16:02:34'),(335,35,3,'consequuntur',20795,'1970-03-06 20:15:13'),(336,36,4,'voluptas',7548531,'2018-03-22 01:26:11'),(337,37,1,'optio',80,'1998-03-20 16:16:06'),(338,38,2,'voluptatum',911,'2020-03-27 14:50:31'),(339,39,3,'exercitationem',0,'2008-12-28 10:26:01'),(340,40,4,'voluptatem',2,'1989-06-29 19:15:44'),(341,41,1,'aut',48,'1989-07-28 02:34:25'),(342,42,2,'rerum',553079,'1992-06-05 11:36:33'),(343,43,3,'aut',10,'1974-01-25 10:32:44'),(344,44,4,'omnis',11023,'2018-12-08 09:07:33'),(345,45,1,'laborum',0,'1977-01-10 00:06:00'),(346,46,2,'est',8227,'2004-05-10 21:20:52'),(347,47,3,'eos',927808,'2005-11-25 21:48:00'),(348,48,4,'rerum',8,'2011-08-16 12:31:57'),(349,49,1,'et',7500,'1995-11-19 21:39:43'),(350,50,2,'qui',89163363,'2010-03-21 15:32:10'),(351,51,3,'molestias',2301636,'1988-04-05 15:21:01'),(352,52,4,'libero',1,'1975-01-11 13:34:02'),(353,53,1,'dolor',811462091,'1997-07-23 19:19:01'),(354,54,2,'soluta',75,'2014-11-02 06:45:53'),(355,55,3,'voluptatem',0,'2009-09-08 14:39:24'),(356,56,4,'magni',93248,'1983-09-25 12:18:02'),(357,57,1,'laborum',67650676,'1970-02-13 08:42:26'),(358,58,2,'id',96756410,'1980-06-22 18:05:56'),(359,59,3,'explicabo',947093,'2015-09-28 01:31:02'),(360,60,4,'sint',2233,'1996-10-10 02:42:23'),(361,61,1,'minima',0,'1979-06-23 05:59:54'),(362,62,2,'similique',0,'2011-07-21 00:40:43'),(363,63,3,'placeat',91717198,'1977-04-26 09:59:36'),(364,64,4,'dolor',2,'1985-08-27 12:04:58'),(365,65,1,'porro',2,'1973-09-05 15:25:48'),(366,66,2,'ut',88112,'1985-07-04 02:40:37'),(367,67,3,'molestiae',921274,'1980-06-13 06:29:46'),(368,68,4,'ab',0,'1991-06-18 14:35:23'),(369,69,1,'ipsum',5,'2000-10-13 05:38:24'),(370,70,2,'veniam',251131353,'1972-03-17 11:52:08'),(371,71,3,'dolor',52,'1977-11-20 12:40:03'),(372,72,4,'praesentium',170,'1999-01-27 02:05:48'),(373,73,1,'placeat',75875127,'1998-06-25 20:50:08'),(374,74,2,'optio',6934266,'2009-06-07 11:17:58'),(375,75,3,'quam',96,'1986-09-30 16:39:41'),(376,76,4,'rerum',5449195,'1977-07-23 12:42:56'),(377,77,1,'temporibus',391802384,'2014-01-23 18:39:42'),(378,78,2,'architecto',0,'2019-01-24 23:01:48'),(379,79,3,'et',4000,'2010-09-22 06:12:45'),(380,80,4,'excepturi',781271921,'1986-09-10 03:02:44'),(381,81,1,'non',6,'1990-11-07 09:07:41'),(382,82,2,'a',38,'1976-04-04 02:13:36'),(383,83,3,'culpa',81426,'1989-06-29 10:22:46'),(384,84,4,'eius',5,'2009-06-08 22:48:21'),(385,85,1,'labore',0,'1974-12-11 10:57:03'),(386,86,2,'et',0,'2002-07-27 11:13:41'),(387,87,3,'itaque',9023,'1983-05-31 12:20:46'),(388,88,4,'sapiente',42551044,'1996-06-14 23:21:47'),(389,89,1,'et',7942,'2011-02-01 02:35:27'),(390,90,2,'culpa',7669,'1987-11-21 10:08:02'),(391,91,3,'molestias',506432,'1991-11-21 16:19:50'),(392,92,4,'et',283806,'2007-05-11 09:11:05'),(393,93,1,'quaerat',13298,'2011-05-16 11:32:26'),(394,94,2,'libero',0,'1982-03-26 11:37:48'),(395,95,3,'officia',2140,'1996-05-06 13:41:42'),(396,96,4,'voluptates',1891924,'1977-12-05 04:58:50'),(397,97,1,'quia',0,'1982-09-09 17:25:10'),(398,98,2,'quo',43,'1986-07-04 23:04:45'),(399,99,3,'quasi',94706,'2009-06-18 13:30:43'),(400,100,4,'iste',85961547,'2008-08-07 00:58:37'),(401,1,1,'provident',99904,'1984-12-27 00:56:16'),(402,2,2,'voluptas',0,'1990-03-24 05:52:42'),(403,3,3,'recusandae',3,'2015-03-13 21:13:07'),(404,4,4,'dolores',7296063,'2006-06-06 16:57:18'),(405,5,1,'harum',47512,'1971-08-25 22:33:05'),(406,6,2,'provident',744,'2012-01-31 17:22:14'),(407,7,3,'sapiente',470681,'1980-03-17 05:04:14'),(408,8,4,'vel',894306135,'1987-11-07 14:58:55'),(409,9,1,'officiis',0,'1976-12-02 23:23:20'),(410,10,2,'quod',58,'2001-06-30 12:30:09'),(411,11,3,'non',9985,'2007-01-19 08:00:53'),(412,12,4,'labore',489140,'1988-08-23 15:20:05'),(413,13,1,'facilis',6,'1982-05-15 16:23:07'),(414,14,2,'labore',7792,'1983-05-18 05:31:07'),(415,15,3,'natus',7054043,'1977-11-22 18:42:35'),(416,16,4,'suscipit',57874047,'1982-11-26 18:12:20'),(417,17,1,'recusandae',725,'1986-09-29 11:03:05'),(418,18,2,'id',57487,'1998-07-26 02:34:26'),(419,19,3,'qui',3168,'1992-10-26 02:23:58'),(420,20,4,'eos',8618,'1983-10-14 22:29:20'),(421,21,1,'cupiditate',861028,'2020-10-10 21:08:21'),(422,22,2,'fugiat',4,'2012-06-08 13:59:49'),(423,23,3,'quaerat',3181,'1989-10-11 15:36:39'),(424,24,4,'et',117578,'2013-02-14 07:55:39'),(425,25,1,'dolores',87362673,'1999-05-21 06:51:24'),(426,26,2,'id',458344,'1979-09-22 13:28:49'),(427,27,3,'quasi',2,'1982-05-24 14:05:39'),(428,28,4,'ducimus',9584,'1989-06-10 11:25:06'),(429,29,1,'unde',85087,'1976-11-25 19:24:44'),(430,30,2,'est',77432668,'1999-03-07 09:10:30'),(431,31,3,'magnam',61404887,'1972-08-12 10:42:42'),(432,32,4,'officiis',44,'1990-10-25 21:54:18'),(433,33,1,'consequuntur',880561,'1970-06-11 07:42:27'),(434,34,2,'accusantium',0,'2012-12-30 17:22:34'),(435,35,3,'cupiditate',7772,'2020-02-05 03:38:47'),(436,36,4,'praesentium',613,'2006-07-21 18:36:25'),(437,37,1,'natus',5944,'1997-12-24 16:59:05'),(438,38,2,'dolores',493062,'2003-06-04 03:47:51'),(439,39,3,'maxime',0,'1982-05-18 12:28:50'),(440,40,4,'sit',542693,'1971-01-23 00:07:16'),(441,41,1,'et',2,'1978-07-10 04:37:30'),(442,42,2,'velit',0,'1984-05-01 03:31:44'),(443,43,3,'dicta',7535534,'1976-08-31 23:55:56'),(444,44,4,'necessitatibus',38021360,'2006-09-27 14:14:26'),(445,45,1,'sed',0,'2000-05-13 01:22:10'),(446,46,2,'in',946689904,'1988-11-16 06:36:09'),(447,47,3,'eum',53,'2001-07-13 08:35:23'),(448,48,4,'maiores',956209,'2001-06-26 16:09:59'),(449,49,1,'suscipit',204034,'2011-04-01 17:50:09'),(450,50,2,'voluptatem',8100,'1996-05-07 09:21:48'),(451,51,3,'minus',179674,'2004-06-07 08:43:17'),(452,52,4,'commodi',6910,'1975-08-25 19:39:34'),(453,53,1,'temporibus',366251356,'1988-06-11 18:43:17'),(454,54,2,'asperiores',646398,'1971-12-15 02:36:25'),(455,55,3,'saepe',35,'2000-09-07 18:02:34'),(456,56,4,'repudiandae',84,'1993-01-23 20:27:17'),(457,57,1,'ut',3681,'2019-10-10 06:29:55'),(458,58,2,'autem',0,'2015-06-12 15:13:07'),(459,59,3,'perferendis',3,'2013-07-17 05:00:53'),(460,60,4,'quia',672520,'1980-04-02 06:49:20'),(461,61,1,'in',4249163,'1974-11-16 19:25:51'),(462,62,2,'hic',24,'1984-04-19 22:07:26'),(463,63,3,'sed',80,'1977-11-24 13:20:09'),(464,64,4,'est',10142328,'1972-01-30 01:20:34'),(465,65,1,'sit',9878659,'2006-03-26 09:05:41'),(466,66,2,'delectus',77449,'2016-07-17 21:36:44'),(467,67,3,'voluptatum',206224352,'1990-01-15 03:58:55'),(468,68,4,'similique',248420509,'2006-02-09 17:51:45'),(469,69,1,'sit',2468909,'1975-04-25 12:27:24'),(470,70,2,'qui',66,'1990-09-11 11:25:12'),(471,71,3,'et',0,'1972-11-11 23:23:36'),(472,72,4,'necessitatibus',3418261,'2017-01-09 14:38:29'),(473,73,1,'distinctio',842827,'1995-11-17 02:18:40'),(474,74,2,'distinctio',2,'1984-02-04 02:02:36'),(475,75,3,'eveniet',39282,'2008-01-20 13:07:51'),(476,76,4,'alias',9442,'1970-04-15 11:23:57'),(477,77,1,'error',79275,'1988-09-28 04:55:49'),(478,78,2,'laudantium',6,'1981-01-08 14:34:52'),(479,79,3,'blanditiis',109965,'2006-10-23 18:05:52'),(480,80,4,'suscipit',407716137,'1984-11-07 02:03:57'),(481,81,1,'reprehenderit',0,'1992-05-28 08:51:17'),(482,82,2,'inventore',9,'1971-05-13 21:53:59'),(483,83,3,'ad',599,'2019-02-14 19:41:51'),(484,84,4,'dolorem',5203,'2018-05-20 00:23:06'),(485,85,1,'repellendus',70547,'1994-01-31 09:29:06'),(486,86,2,'debitis',51674709,'2007-05-08 03:25:44'),(487,87,3,'iusto',9,'2020-11-18 18:41:12'),(488,88,4,'autem',60963,'1978-12-10 16:04:29'),(489,89,1,'totam',3848,'2020-04-17 05:51:38'),(490,90,2,'a',169956296,'1999-04-26 00:06:48'),(491,91,3,'odio',3596236,'1972-12-23 05:46:51'),(492,92,4,'id',526879373,'2003-04-17 15:28:15'),(493,93,1,'ex',92,'1972-10-21 18:06:01'),(494,94,2,'qui',8608144,'2004-10-14 06:25:32'),(495,95,3,'eum',52,'1993-02-03 03:53:55'),(496,96,4,'quia',6183,'2012-11-02 17:15:31'),(497,97,1,'unde',190,'1988-03-07 14:50:34'),(498,98,2,'reprehenderit',684088998,'1997-11-06 04:25:45'),(499,99,3,'ut',843,'2009-05-26 13:51:43'),(500,100,4,'nulla',401513667,'2010-01-27 15:24:59');
/*!40000 ALTER TABLE `media` ENABLE KEYS */;
UNLOCK TABLES;

--
-- Table structure for table `media_types`
--

DROP TABLE IF EXISTS `media_types`;
/*!40101 SET @saved_cs_client     = @@character_set_client */;
/*!40101 SET character_set_client = utf8 */;
CREATE TABLE `media_types` (
  `id` int(10) unsigned NOT NULL AUTO_INCREMENT,
  `name` varchar(45) COLLATE utf8mb4_unicode_ci NOT NULL,
  PRIMARY KEY (`id`),
  UNIQUE KEY `name` (`name`)
) ENGINE=InnoDB AUTO_INCREMENT=5 DEFAULT CHARSET=utf8mb4 COLLATE=utf8mb4_unicode_ci;
/*!40101 SET character_set_client = @saved_cs_client */;

--
-- Dumping data for table `media_types`
--

LOCK TABLES `media_types` WRITE;
/*!40000 ALTER TABLE `media_types` DISABLE KEYS */;
INSERT INTO `media_types` VALUES (1,'est'),(2,'id'),(3,'officiis'),(4,'sint');
/*!40000 ALTER TABLE `media_types` ENABLE KEYS */;
UNLOCK TABLES;

--
-- Table structure for table `messages`
--

DROP TABLE IF EXISTS `messages`;
/*!40101 SET @saved_cs_client     = @@character_set_client */;
/*!40101 SET character_set_client = utf8 */;
CREATE TABLE `messages` (
  `id` bigint(20) unsigned NOT NULL AUTO_INCREMENT,
  `from_user_id` bigint(20) unsigned NOT NULL,
  `to_user_id` bigint(20) unsigned NOT NULL,
  `txt` text COLLATE utf8mb4_unicode_ci NOT NULL,
  `is_delivered` tinyint(1) DEFAULT 0,
  `created_at` datetime NOT NULL DEFAULT current_timestamp(),
  `updated_at` datetime DEFAULT NULL ON UPDATE current_timestamp(),
  PRIMARY KEY (`id`),
  KEY `fk_messages_from_user_idx` (`from_user_id`),
  KEY `fk_messages_to_user_idx` (`to_user_id`),
  CONSTRAINT `fk_messages_users_1` FOREIGN KEY (`from_user_id`) REFERENCES `users` (`id`),
  CONSTRAINT `fk_messages_users_2` FOREIGN KEY (`to_user_id`) REFERENCES `users` (`id`)
) ENGINE=InnoDB AUTO_INCREMENT=251 DEFAULT CHARSET=utf8mb4 COLLATE=utf8mb4_unicode_ci;
/*!40101 SET character_set_client = @saved_cs_client */;

--
-- Dumping data for table `messages`
--

LOCK TABLES `messages` WRITE;
/*!40000 ALTER TABLE `messages` DISABLE KEYS */;
INSERT INTO `messages` VALUES (1,1,1,'Autem reprehenderit est sunt ex. Non et quo et molestias. Consectetur aperiam sint dolor assumenda.',0,'1979-04-28 04:50:25','1973-04-04 16:10:35'),(2,2,2,'Et voluptatibus quasi et possimus. Iure rerum iste est laborum autem. Perspiciatis quia aliquid dolorum ut corrupti. Et animi quam enim cum.',1,'1982-11-20 07:34:53','1977-07-02 22:55:36'),(3,3,3,'Culpa et in repellat nulla. Consequatur quidem doloribus et. Eligendi non et ipsa sunt. Architecto aut autem quis quasi.',1,'1993-02-15 17:10:50','1996-03-24 03:59:53'),(4,4,4,'Debitis est numquam est. Impedit iure et eos totam accusantium. Dolorum quod velit officia labore rerum.\nEos autem quas incidunt. Sequi quidem numquam aperiam. Iure tempore modi tempora rem nulla.',0,'2012-02-22 09:08:17','1988-01-27 02:07:34'),(5,5,5,'Soluta ut aut commodi ipsum iure quis. Ut ut aut eos temporibus atque blanditiis vel. Iure ad et incidunt quia voluptatem non saepe. Quod sint et et omnis velit ad.',1,'1970-11-28 18:57:15','2016-04-15 21:40:11'),(6,6,6,'Eius possimus nesciunt facilis culpa necessitatibus debitis saepe eum. Magnam dolor sapiente voluptatem tempora odio est.',1,'1993-10-30 09:23:40','2006-03-27 17:48:13'),(7,7,7,'Dicta beatae sit et ea adipisci. Voluptatem reiciendis est rerum consequatur ut vel. A aut ea sed neque inventore.',0,'2019-01-26 11:50:16','1975-01-17 11:20:33'),(8,8,8,'Est fugiat veniam repellat odio et inventore. Nobis quia facere ipsa. Quo atque corrupti velit voluptatem.',1,'1986-03-05 18:41:33','2017-08-22 21:35:32'),(9,9,9,'Nihil quidem aut magnam nulla quas et. Quia maxime eveniet ipsam quaerat.',1,'2012-01-31 06:06:45','2016-01-20 12:01:05'),(10,10,10,'Sapiente et necessitatibus aut quas. Aut illum nesciunt fugit ut qui id nam. Dolor sapiente amet sint nulla qui. Ab ut velit maiores ut.',1,'1995-10-25 21:22:37','1971-03-03 23:43:35'),(11,11,11,'Velit eius omnis autem ut ipsum maiores sed. Exercitationem est et quidem minus pariatur sit natus. Sit aperiam vitae corporis.',0,'2016-10-09 08:38:59','1992-01-03 08:40:07'),(12,12,12,'Delectus harum voluptates laborum soluta quam nemo et neque. Unde libero officia et magnam sit aut. Qui odit accusamus quo recusandae dolor. Sequi voluptatibus minima iure facere voluptatum.',0,'1981-06-18 08:48:32','1976-05-13 21:40:11'),(13,13,13,'Non cupiditate enim consectetur. Dolores et sequi voluptas. Ut enim ipsa qui expedita et commodi ut repudiandae.',1,'2012-06-01 04:28:09','2010-12-12 08:57:53'),(14,14,14,'Dolorum nobis recusandae ipsam. Et ipsa dolore velit vero earum. Porro itaque ut molestias repudiandae. Sunt est fugiat totam sunt rerum voluptas. Fugit deserunt labore est in quo.',1,'1975-01-01 13:34:30','1997-01-10 15:36:57'),(15,15,15,'Quo consequatur natus modi velit animi consequatur rem. Alias natus ad cum quae temporibus iste optio et. Eligendi et consequatur optio consectetur ab accusantium rerum.',0,'1991-08-09 09:48:48','1987-07-07 23:21:26'),(16,16,16,'Sapiente reiciendis aliquid iure et sed consequatur sequi. Totam earum in ipsa optio adipisci et. Corporis ipsam temporibus ipsam voluptates.',1,'2014-11-29 10:55:01','2015-02-20 14:20:13'),(17,17,17,'Unde ut earum deleniti adipisci. Et eveniet delectus ea ex qui est. Laboriosam consequatur assumenda a.',1,'1979-12-27 18:08:26','1998-01-08 01:26:59'),(18,18,18,'At odio harum temporibus minima. Sunt nemo totam nisi dolorem ut eaque. Qui et sed quod molestias perferendis.',1,'2012-06-09 09:41:32','2020-12-13 01:27:05'),(19,19,19,'Voluptatum sed consequatur alias quo vitae ut voluptatem iure. Consequatur possimus illum dolores nobis totam adipisci. Quia repudiandae odio quis quisquam quos.',0,'1972-04-04 06:27:31','1978-03-09 12:05:10'),(20,20,20,'Alias officiis voluptatem at libero quod sed iure. Vel officia quo alias sed voluptatem iure. Iste qui quas quo et dolor facere. Veniam enim voluptas numquam architecto qui rem rem.',0,'1984-07-20 23:51:49','2000-01-10 01:08:37'),(21,21,21,'Et sequi quia cumque cupiditate aut deleniti. Sed qui tempora quis debitis quis. Neque et alias iste vel id quasi sed.',1,'1986-03-08 13:59:49','1995-08-29 05:08:43'),(22,22,22,'Ab natus illo ratione. Dolor eos nihil eaque et quia. Voluptatibus inventore natus doloremque.',1,'1993-04-05 20:52:36','1978-02-17 22:08:39'),(23,23,23,'Aspernatur ratione quam veritatis mollitia. Nostrum nulla ut consequuntur corporis.',0,'2009-10-31 22:36:04','2001-09-18 16:31:25'),(24,24,24,'Odit deleniti et ea. Dolores nostrum iure harum nemo. Vero consequuntur vitae eum suscipit sunt enim at.',0,'2009-08-29 22:14:12','2012-10-02 11:30:27'),(25,25,25,'Totam doloribus qui totam qui commodi nemo possimus. Quaerat maiores fuga earum eum.',0,'1991-09-25 02:57:14','1975-01-06 10:02:44'),(26,26,26,'Quae sed esse eligendi ut quasi quia est veritatis. Necessitatibus est aliquam placeat sunt esse iusto aut.\nSit non dolores id eaque nostrum animi. Quas est sed aliquam hic sunt distinctio ullam.',0,'2002-03-08 07:21:29','1989-03-20 07:36:17'),(27,27,27,'Porro voluptas voluptatem corrupti hic molestias recusandae non. Sequi quae aut est eum. Quod qui dignissimos odit.',0,'1971-06-02 02:37:09','1989-05-13 08:42:11'),(28,28,28,'Dolores temporibus ut ut labore nihil quia. Nihil ratione omnis necessitatibus itaque sapiente sunt. Nihil aut quis distinctio in quo. Est aperiam illo laudantium recusandae magni aut.',1,'2009-11-03 21:45:17','2000-06-03 11:13:18'),(29,29,29,'Iure consequatur aut modi iure enim a eum. Animi consequatur et et voluptas assumenda at. Nemo optio id nulla ullam est odio hic. Cumque excepturi enim repellat voluptas iste natus expedita.',1,'1987-03-05 11:03:16','1981-01-10 19:24:47'),(30,30,30,'Exercitationem voluptatem similique est ea. Mollitia porro labore est. Vitae libero consequatur amet. Omnis ipsum accusamus asperiores sit.',0,'2006-05-29 11:49:10','2012-02-08 20:16:05'),(31,31,31,'Nostrum aliquid tempore occaecati odio beatae eos nesciunt. Distinctio tempora sit maxime quia. Cupiditate quia maxime minima tempore et. Doloribus illo ut et qui.',1,'1999-10-10 04:10:45','1995-04-01 10:37:15'),(32,32,32,'Modi non similique reprehenderit autem ut. Impedit aspernatur asperiores omnis natus dolor. Consequatur eos qui ut.',1,'2015-11-10 19:08:57','2006-02-13 20:18:08'),(33,33,33,'Nihil pariatur aut ipsam. Esse laborum et velit libero aliquid nobis autem.',0,'2014-02-25 02:44:17','2012-07-22 15:17:10'),(34,34,34,'Dolore nesciunt delectus eos placeat inventore eos. Adipisci a quam facere reiciendis voluptatem corrupti aut. Perferendis in ut et et voluptatibus.',1,'1995-11-22 15:56:52','2002-11-23 16:28:37'),(35,35,35,'Quia officiis unde alias nesciunt. Provident et eveniet officia numquam libero. Quia accusamus dignissimos fugiat reiciendis excepturi velit autem. In adipisci aut ad voluptatem eveniet in.',0,'1987-03-23 10:40:19','1990-01-27 12:37:04'),(36,36,36,'Illo tempore mollitia harum non quae et. Qui et consequuntur voluptas. Qui incidunt omnis quasi.',1,'2009-08-27 00:07:26','2017-04-05 18:42:05'),(37,37,37,'Dicta non eius fuga dolorem perferendis corrupti. Odit dolor nostrum ducimus et quo. Suscipit sed velit exercitationem eligendi.',0,'1973-05-04 11:27:04','1972-10-13 13:15:20'),(38,38,38,'Ipsum voluptates consequatur fugiat dicta. Doloribus unde aut voluptate consequatur officia. Deleniti quia ex nisi est.',1,'1991-03-02 20:05:34','2007-04-09 19:57:17'),(39,39,39,'Numquam accusamus et iure odit maiores explicabo. Suscipit similique eos quia sed. Est sed neque nesciunt molestiae illum ut voluptas.',1,'2014-05-03 03:43:52','1997-08-13 22:24:55'),(40,40,40,'Animi aut ratione eum delectus et. Non recusandae possimus omnis dolorem. Qui rerum fugiat nostrum laborum vel quis molestiae.',0,'1970-10-19 20:12:01','2006-02-19 15:53:56'),(41,41,41,'Necessitatibus molestiae corporis aut dolor. Delectus non rerum veniam ad et omnis.',1,'2013-02-13 02:47:14','1984-01-24 12:37:49'),(42,42,42,'Aspernatur voluptas sint distinctio qui est nemo ipsum. Accusamus ea id quae expedita. Aperiam nemo autem eveniet consequuntur.',1,'2008-02-13 16:30:54','1971-02-24 17:49:08'),(43,43,43,'Et dignissimos odio possimus eaque. Suscipit aut quas dignissimos accusamus hic explicabo. Est reprehenderit fugiat facilis.',1,'2012-10-02 09:00:48','1975-09-08 08:22:53'),(44,44,44,'Aut cumque nemo optio minima. Enim totam laborum consequatur placeat consectetur. Minus dolor soluta corporis architecto voluptates nam.',1,'1987-06-30 02:18:46','2002-02-08 05:23:02'),(45,45,45,'Rem quia fugit consequatur consequatur quae accusantium nisi. Eveniet ut magnam ipsam ut voluptatem beatae. Et repellendus eum iure velit harum.',0,'1996-05-03 20:40:01','1984-05-02 21:34:37'),(46,46,46,'Commodi vitae dolores id autem a quia. Laborum fugit doloribus quae quisquam voluptas. Et et ut id quidem tempora eum vero. Maxime a nemo sint qui.',1,'1976-02-06 08:40:27','1991-04-23 02:25:40'),(47,47,47,'Non a sed accusantium ducimus earum quia. Consequatur sequi consequatur fuga.',1,'1970-05-18 13:09:52','1982-12-15 19:24:09'),(48,48,48,'Voluptatem voluptatem et velit consectetur ut expedita eos. Atque quos omnis sequi et. Et quo nihil omnis.',1,'1972-05-20 08:59:39','2020-08-25 14:23:01'),(49,49,49,'At ut dignissimos eius in. Nisi dolorum dolorum deleniti sit explicabo labore. Voluptatem sit rerum eveniet illum.',1,'2012-07-27 23:56:52','2011-07-29 09:47:12'),(50,50,50,'Consequatur voluptas voluptates distinctio qui assumenda deserunt ipsa provident. Asperiores cumque autem ut. Aut voluptas accusamus in sed est.',1,'2014-08-17 07:21:08','2003-05-24 15:55:58'),(51,51,51,'At et natus et eum eveniet beatae vero. Dolor sequi nesciunt veniam blanditiis officia dolorum debitis deserunt. Occaecati provident iusto et expedita eius iste.',0,'1972-12-27 02:40:27','2012-08-05 07:57:13'),(52,52,52,'Fugiat architecto provident et officia voluptas voluptate. Est voluptatum possimus illum maiores. Qui eaque pariatur ut enim non. Facilis cupiditate porro est corrupti odio perspiciatis.',0,'1978-12-06 23:06:40','1995-05-03 09:09:56'),(53,53,53,'Impedit sit odit nesciunt beatae placeat. Dolorem sunt commodi quod cumque mollitia amet laboriosam. Maxime ab et eum placeat est non.',1,'1986-10-23 15:49:09','1997-09-26 03:50:18'),(54,54,54,'Nihil aut eum minus debitis aspernatur praesentium. Ullam animi autem doloribus dicta. Error numquam cum magni maiores tenetur.',1,'2010-11-28 07:41:22','1995-11-19 11:24:45'),(55,55,55,'Id consequatur sint quo ut in cupiditate. Possimus nesciunt debitis placeat sit odio asperiores animi. Dolorum porro pariatur iste voluptatem occaecati et. Soluta beatae libero quae.',1,'1990-10-17 04:42:24','1993-10-05 14:50:28'),(56,56,56,'Et nihil suscipit praesentium numquam soluta. Ipsa id ipsam voluptatem nihil aut ea ut. Ut autem amet excepturi ipsa voluptatem illo.',1,'2004-05-07 08:04:49','2008-08-30 18:17:12'),(57,57,57,'Saepe nihil aut aut libero. Ea doloribus molestias fugit sed magnam. Omnis et veritatis nisi occaecati dolor.',1,'1981-01-28 17:39:38','2001-07-03 08:26:23'),(58,58,58,'Quo omnis possimus perspiciatis voluptatum quo. Error quos officia cum et nihil earum.',1,'1993-04-27 10:34:09','1987-06-10 19:49:44'),(59,59,59,'Voluptatem amet culpa incidunt cumque quasi ea. Voluptate eos accusamus quo adipisci tenetur reprehenderit veritatis. Nihil voluptatem qui ut. Et delectus aut recusandae nulla.',0,'2012-05-03 07:25:25','1992-01-15 15:50:42'),(60,60,60,'Nobis rerum dolore fugit consequatur. Est quae officiis maxime quibusdam ex harum consequatur aut. Qui molestiae eum qui debitis est quia asperiores.',0,'2008-01-21 14:58:55','2003-05-07 06:03:58'),(61,61,61,'Ducimus et et optio in sit. Perspiciatis expedita quas et numquam provident. Non porro repellat est.',1,'1992-05-19 12:08:03','2017-12-29 18:25:59'),(62,62,62,'Ut est repudiandae recusandae dolores voluptas aliquam. Pariatur autem ea et animi quo. Minus saepe aliquam aut quis inventore debitis et.',0,'1994-11-01 13:37:26','1972-12-23 12:46:36'),(63,63,63,'Ex et nihil quaerat et temporibus sunt beatae. Dicta sapiente perspiciatis fugit nihil voluptatem. Nihil quis dolorem sint quia sint ut. Veniam nihil minus autem aut inventore voluptatum.',0,'1986-05-02 21:08:22','1978-08-05 17:29:34'),(64,64,64,'Occaecati illo nesciunt qui cum animi asperiores officiis. Qui ratione delectus error architecto est. Accusamus nemo at dolor eaque.',0,'1983-10-27 13:38:30','2009-12-25 05:53:12'),(65,65,65,'Quo dolore asperiores quis fugiat. Id incidunt perferendis numquam nesciunt. Quia est non beatae perspiciatis.',0,'1994-03-20 04:30:47','1986-04-12 07:05:14'),(66,66,66,'Ex quaerat quidem enim mollitia at dolores. Veritatis laudantium nulla est deleniti vero. Sapiente quia laudantium velit sed velit quis. Voluptas ut aut autem perferendis.',0,'1994-06-27 18:03:25','2005-05-04 22:08:05'),(67,67,67,'Modi rerum eos enim necessitatibus perferendis eveniet. Beatae delectus ut eveniet. Ut ratione sequi cumque sit excepturi delectus.',0,'1990-02-15 20:31:52','2012-04-06 23:07:04'),(68,68,68,'Et sed suscipit quis debitis dolorem ut. Eaque accusamus quia non ipsum. Voluptatum dolorum doloribus nemo non.',0,'1973-03-18 08:40:47','1988-12-28 05:00:24'),(69,69,69,'Sed eligendi distinctio sed similique voluptas. Odio quidem sunt maxime hic est. Nam facere exercitationem assumenda velit corporis. Molestiae rerum aut repellendus earum.',0,'2006-04-11 11:26:04','1988-12-06 04:13:35'),(70,70,70,'Fugiat ut numquam ea voluptas saepe. Sed repudiandae modi et et ea aut eligendi. Consequatur unde ut cumque aliquam totam.',1,'1999-10-22 01:41:21','2008-05-26 00:27:08'),(71,71,71,'Soluta minus est nihil. Quis qui animi nulla. Qui inventore praesentium magnam in. Voluptatem aperiam sed architecto.',0,'2019-11-17 21:14:23','2009-01-13 05:57:34'),(72,72,72,'Qui qui quia totam rerum earum officiis neque. Eius temporibus incidunt nesciunt nam rerum fugiat. Quis iure eos unde cupiditate.',1,'1986-03-25 12:26:23','1982-04-09 15:30:24'),(73,73,73,'Itaque maiores enim temporibus accusantium modi. Laudantium ea eligendi temporibus libero. Quas ut nam cum exercitationem ipsam omnis autem possimus.',1,'1986-10-29 23:58:30','1978-12-14 21:46:03'),(74,74,74,'Id magnam voluptatem eum provident ea fugiat. Rerum aut iure voluptas ad expedita sint natus non. Sunt rerum exercitationem beatae. Reprehenderit illo maxime non quibusdam.',0,'2016-03-04 17:37:27','1977-09-02 08:38:15'),(75,75,75,'Fugiat quasi dolores numquam. Maiores nobis iusto placeat quod facilis. Iste est sunt sed fugiat error ipsum.',1,'2007-05-21 10:00:20','1992-10-27 23:29:23'),(76,76,76,'Culpa sed accusantium nisi hic porro. Ut autem accusantium nihil itaque autem. Ex esse ut cupiditate illo velit sit.',1,'1987-08-05 17:30:35','1975-02-28 11:38:00'),(77,77,77,'Delectus et voluptatem laudantium quo. Omnis libero vero sunt accusamus ut quia rerum. Explicabo quia qui enim veritatis voluptatem voluptatum iure.',1,'1975-12-22 06:48:01','1996-05-12 15:40:36'),(78,78,78,'Et minima nulla doloribus. Pariatur asperiores quibusdam sapiente est culpa voluptatum. Ut in blanditiis voluptatem. Beatae amet sit possimus aut dignissimos.',0,'1991-10-15 19:18:53','1992-01-11 11:31:10'),(79,79,79,'Reiciendis non delectus fugit magnam voluptatum consequatur. Et aut quibusdam vero. Voluptatem voluptas vel quos quasi.',1,'2010-04-22 05:58:13','2003-12-24 04:03:03'),(80,80,80,'Harum qui magni saepe. Quo magnam quia blanditiis aut et excepturi. Reprehenderit aut et aliquid est nemo qui ut.',0,'2001-01-02 12:13:36','1997-04-07 17:06:04'),(81,81,81,'Est eos et nobis non recusandae. Voluptas inventore quae totam ab blanditiis aut. Ut aliquid quia maiores unde et iusto. Tempore explicabo qui iure libero et quos.',1,'2015-11-10 01:24:07','1993-02-01 04:43:29'),(82,82,82,'Aliquam labore sit nihil soluta tenetur itaque ullam. Rerum excepturi qui a est. Dicta reiciendis quidem ab.',0,'2001-07-31 14:44:39','1970-05-05 05:21:42'),(83,83,83,'Qui sit rerum delectus repellat et labore sed. Et repudiandae illum quasi sit soluta aut. Soluta voluptatibus error nihil eos. Qui deserunt qui quo dolores natus laborum et voluptate.',1,'2001-07-08 23:57:18','1999-03-11 19:58:55'),(84,84,84,'Rerum dolorum et quidem aliquid quia occaecati repellendus. Iusto ut qui aut vel. Tempore itaque adipisci eum quisquam eos doloremque amet.',1,'2012-09-13 03:22:57','1976-09-04 06:24:04'),(85,85,85,'Iste debitis harum commodi voluptas et aut impedit perspiciatis. At quisquam sunt molestias nemo aut sit neque. Voluptas quisquam porro culpa nihil non ullam.',1,'2020-10-27 00:58:22','1999-08-01 01:52:46'),(86,86,86,'Laboriosam non quis laborum fugiat ducimus. Omnis laborum quia omnis rerum est non. Eos sit doloremque ducimus facere vitae quisquam. Veniam quis reprehenderit ea nesciunt.',0,'2011-06-15 00:11:42','1972-09-11 11:41:48'),(87,87,87,'Corrupti amet ea dignissimos repellendus doloribus sint soluta ea. Rem exercitationem et facilis consequuntur.\nEt voluptatibus consequatur ipsa consequuntur est est. Omnis minima consequatur maxime.',1,'2012-12-10 10:21:24','2017-12-14 09:20:16'),(88,88,88,'Molestias dolorum quia libero dolor. Dolores vitae tempora iure exercitationem quisquam eaque tempore. Sed ipsa aliquid impedit. Voluptatum unde saepe laboriosam rerum.',1,'2016-11-16 11:27:26','2019-02-22 17:32:36'),(89,89,89,'Recusandae ut est suscipit ab ea ad distinctio. Et nemo sint unde dolorem unde. Deserunt voluptatibus magni voluptatum voluptas distinctio. Aut minus omnis asperiores sunt cumque.',1,'1987-05-16 00:15:32','1977-07-06 02:16:07'),(90,90,90,'Illo ex at ut ea nisi exercitationem sint. Natus alias fuga voluptas veritatis asperiores.\nCum facilis ad ipsam culpa ea maxime. Vel alias iure a asperiores. Et vel aut ut maxime inventore ad.',1,'1973-04-02 06:27:31','2017-07-29 03:38:24'),(91,91,91,'Tenetur et autem reiciendis. Magni est vero corporis quaerat. Veritatis iusto qui eligendi unde.',0,'1987-03-28 16:07:39','1984-09-09 16:09:07'),(92,92,92,'Architecto qui similique rerum fugiat ut. Quibusdam magnam rerum voluptatibus iste id. Qui sint voluptatibus et ex odit ducimus atque. Nihil aut deserunt quod qui odio est officia dolore.',0,'1989-12-08 06:50:21','2005-07-16 13:00:33'),(93,93,93,'Rerum laudantium aut deleniti quia ipsum. Voluptas sed et doloremque iusto veritatis magnam qui perferendis. Ipsum et optio impedit magnam harum nesciunt. Ea consequatur molestias rerum eius hic eos.',0,'2001-12-09 04:20:39','2010-03-05 13:47:01'),(94,94,94,'Voluptatem est perspiciatis voluptatem eos. Eveniet eos praesentium mollitia neque voluptatibus et labore.',1,'1982-02-13 03:28:55','2015-02-21 05:13:25'),(95,95,95,'Autem tempora est consectetur esse ut ea. Ut nemo voluptates tempore ipsum sit consequuntur. Ut mollitia voluptatem quia impedit consectetur.',1,'2000-05-10 09:04:24','1988-05-25 21:54:44'),(96,96,96,'In dolorem ipsum harum eum debitis sunt molestias. Qui quae sed ut est necessitatibus sint. Repudiandae deleniti aut ea sunt. Quaerat non et similique est nulla ab ipsam voluptatem.',0,'1980-07-23 07:43:47','1971-07-09 20:17:14'),(97,97,97,'Quibusdam eum itaque voluptatibus illo et. Eveniet quod consequatur quia atque harum aut. Repellendus voluptatem sunt accusantium. Molestias esse voluptatem est illo dignissimos eligendi.',0,'1989-07-25 11:03:45','1987-07-03 07:44:04'),(98,98,98,'Ipsa mollitia rem repudiandae deleniti laboriosam. Et sit molestiae odit dolore dolor consequatur.\nSed tempore doloribus sed eaque. Laudantium laudantium excepturi illum dolores.',1,'2006-02-28 03:22:36','2008-07-25 12:00:04'),(99,99,99,'Incidunt et recusandae eos omnis quaerat amet molestias. Magni voluptatum earum dignissimos. Vero aperiam corporis sed quis autem. Dolorem qui nesciunt perspiciatis ipsum est aspernatur fugiat ut.',0,'1993-05-28 10:57:24','1977-04-24 13:23:53'),(100,100,100,'Enim laudantium omnis sequi sapiente occaecati. Ut aliquam unde quo quo rerum. Est quisquam qui non. Porro placeat voluptatibus adipisci et.',0,'1988-01-06 12:49:54','2012-06-12 17:17:30'),(101,1,1,'Minus est labore laboriosam et adipisci. Ut ipsum ipsa et sed quasi in rerum. Sed nisi ex est quas odio. Corrupti doloremque soluta doloremque est ducimus aliquam.',0,'1980-04-19 16:40:29','2009-08-28 20:21:19'),(102,2,2,'Excepturi est facilis aut et. Quo a asperiores accusamus nostrum at dolores. Odit dolorem consequuntur explicabo aut labore rem. Magnam eum voluptas ratione.',0,'1996-04-16 16:42:08','1997-01-08 12:38:53'),(103,3,3,'Voluptates et eaque qui. Asperiores animi est aut quos. Ab laborum maiores harum qui sint. Consectetur assumenda ut hic iusto enim labore possimus.',0,'2016-04-22 18:29:27','1973-12-15 20:00:11'),(104,4,4,'Aspernatur eveniet mollitia alias officiis quisquam. Molestiae nisi excepturi quia qui ratione labore. At nisi natus eligendi iure molestiae quo.',1,'1973-01-01 14:46:54','1983-11-03 08:13:32'),(105,5,5,'Consectetur officia voluptatum non. Eos rem eligendi sed unde corporis. Enim voluptate repudiandae in porro.',1,'1989-12-24 18:21:41','2007-09-04 14:27:49'),(106,6,6,'Enim assumenda libero autem et vel voluptatem quibusdam. Ducimus odit alias dolorum iusto maxime voluptates aut maiores. Mollitia distinctio placeat explicabo tempora doloribus numquam et.',1,'1997-12-10 04:12:11','2010-02-07 16:40:37'),(107,7,7,'Dicta atque inventore distinctio non. Nihil et non voluptatem. Ipsum excepturi non rem vero. Qui recusandae ex et similique ex. Debitis doloribus ut consequatur eius dolores ipsa.',0,'1975-03-19 12:21:12','2020-02-25 13:18:09'),(108,8,8,'Minima ea qui minus recusandae. Harum nisi non dolores. Deleniti exercitationem et recusandae harum praesentium voluptatem.',0,'2015-06-04 17:03:56','2010-02-22 22:51:20'),(109,9,9,'Facilis quo quis eum quia laborum. Excepturi temporibus quam est accusantium blanditiis. Id ut voluptatem officiis minima quisquam sit.',1,'2005-11-15 15:46:50','1988-12-26 20:16:01'),(110,10,10,'Architecto placeat non voluptas rem velit. Nostrum commodi delectus blanditiis rem consequuntur eius dolores. Ipsum voluptates distinctio ut qui at.',0,'1990-09-28 12:47:31','2012-03-20 02:41:54'),(111,11,11,'Totam ut enim ex. Minus deleniti voluptatem dolor ab quia. Velit facilis nulla dolor accusamus veniam repellendus pariatur sapiente. Nihil impedit non suscipit qui ut doloremque.',0,'2004-11-12 01:23:08','1978-10-08 16:42:21'),(112,12,12,'Corporis veritatis sit aut. Eum dicta dicta sit et. Veritatis fuga eveniet ratione alias et officia.',1,'2006-05-09 10:51:01','1970-06-15 05:16:18'),(113,13,13,'Suscipit sint nemo impedit quidem a doloribus optio. Facere et necessitatibus laboriosam animi quo adipisci.',1,'2001-03-09 06:35:20','1979-08-19 21:06:12'),(114,14,14,'Voluptas in non quis qui quidem. Consequatur ut cupiditate qui ut quos. Corporis ullam voluptatem et et. Accusantium tempore iste ullam cum delectus est voluptatem.',1,'1992-06-07 14:39:36','2000-02-12 13:20:55'),(115,15,15,'Officiis temporibus repellendus voluptates non. Qui fugit sit quis debitis. Eaque dolores quisquam eos.',0,'1994-03-22 14:03:35','2008-01-13 06:51:21'),(116,16,16,'Eaque qui quasi vero ipsa voluptatem temporibus dolor. Ut doloribus veritatis commodi reprehenderit nobis quos minus. Sapiente ipsam qui velit est. Repellendus enim itaque earum ut.',1,'1996-04-25 20:44:37','2002-08-04 00:58:35'),(117,17,17,'Enim excepturi sed praesentium esse molestias. Deserunt dolores optio voluptatem ipsa ut a consequatur.',0,'2004-07-02 23:11:31','2019-12-18 23:56:16'),(118,18,18,'Quis sunt consequatur omnis culpa eveniet. Necessitatibus odit sunt officiis aliquid. Voluptatem repellat minus ex dolor hic.',1,'1990-09-27 21:35:29','1982-07-31 23:16:16'),(119,19,19,'In sequi exercitationem blanditiis earum ea facere nihil. Id minus beatae ea numquam asperiores. Maiores sit praesentium ea earum nulla quo quia.',1,'2005-07-29 09:14:29','1999-01-08 11:08:05'),(120,20,20,'Qui voluptas numquam dolorem tempore rerum omnis. Et voluptas nobis modi ut. Itaque et ducimus et ut. Atque aut voluptates pariatur inventore ut temporibus.',1,'2003-11-20 11:26:31','1983-10-28 16:51:53'),(121,21,21,'Aut sed ad quia et. Dolores neque ut nam fugiat non. Libero repellat velit et optio.',0,'1997-03-28 05:33:36','1994-10-24 18:02:21'),(122,22,22,'Repellat consequatur quasi aut magnam est. Dolor aut aut enim. Error quo voluptates deleniti sunt sed. Possimus tempora soluta deserunt doloremque.',0,'1991-11-02 05:11:14','1991-07-05 07:58:30'),(123,23,23,'Quae explicabo facilis id qui autem. Facilis id commodi laborum ut. Labore incidunt unde sunt. Facilis qui unde ducimus quisquam sed facere dolorum.',1,'1979-06-18 20:23:27','1976-05-08 14:55:38'),(124,24,24,'Hic rem optio praesentium enim. Debitis placeat dignissimos recusandae voluptas facilis at non ducimus. Ut blanditiis necessitatibus nesciunt veritatis cumque. Saepe sint quis autem fugiat eos et.',1,'2011-02-04 20:20:42','1989-12-29 14:10:58'),(125,25,25,'Et sapiente et similique consectetur. Unde omnis voluptas tempore. Qui ratione dolore accusantium delectus reprehenderit doloremque aliquam commodi. Id molestiae cum laborum eius.',1,'1988-12-22 02:17:23','1988-04-18 20:49:48'),(126,26,26,'Aut perspiciatis quasi sint quos rerum. Rerum laudantium est dolorum necessitatibus quae possimus quia est. Dolorem quas iste dolor nihil et dolores ut.',1,'1974-06-09 08:06:42','2014-11-12 14:05:21'),(127,27,27,'Rerum error debitis ducimus earum. Aspernatur quisquam exercitationem et enim voluptatem qui ducimus. Earum ut molestiae ea eius aliquid. Cumque aut qui a quis cum.',0,'2014-05-20 02:31:21','1972-03-16 04:57:02'),(128,28,28,'Tempora quod at iure voluptas veniam. Est voluptates ut nostrum voluptas.',1,'2019-06-02 05:57:43','1973-10-21 17:30:04'),(129,29,29,'Perferendis dolorem quis delectus est. Sed mollitia non aut molestiae. Odit repellendus quia sit laborum enim error.',0,'2004-05-18 00:51:47','2016-07-18 18:44:49'),(130,30,30,'Voluptatem explicabo enim ea in quo distinctio dolores. Recusandae voluptate amet possimus amet. Ut recusandae animi enim inventore rerum ut iusto quam.',0,'1977-09-19 08:07:30','1997-06-04 02:12:53'),(131,31,31,'Id eaque illum optio sit eos eos quidem. Expedita et quae non explicabo quia nihil. Iste quia quasi fuga veritatis qui iure in et. Molestiae totam et aliquam consequatur.',0,'2014-12-17 23:17:22','1999-05-16 04:12:41'),(132,32,32,'Ipsa excepturi sapiente repellendus quia. Esse dolor beatae in sunt aut dolores. Odit voluptas modi laborum delectus dicta. Aliquam non excepturi quisquam sint sed beatae vel.',0,'1996-05-07 20:07:10','1971-05-11 21:46:15'),(133,33,33,'Omnis quia et incidunt cupiditate quia. Nulla fugiat asperiores voluptas et eligendi. Quos et soluta explicabo minus ut esse est fugit. Cum ipsam eveniet molestiae autem quaerat.',1,'2003-06-18 08:44:56','2015-08-16 17:25:16'),(134,34,34,'Ut modi magnam incidunt quia aut. Architecto reiciendis harum magnam ratione quam. Beatae voluptatem ea est est.',1,'1973-02-22 06:59:34','1989-03-17 07:57:45'),(135,35,35,'Autem earum molestiae aspernatur nisi. Assumenda laborum neque est dignissimos animi ut error. Minima inventore modi esse quo itaque nemo porro. Velit quia consectetur voluptatem officiis.',1,'2013-03-23 03:18:50','2003-11-24 01:29:12'),(136,36,36,'Qui enim maxime non velit. Quibusdam ad quibusdam neque beatae nostrum suscipit voluptatem. Possimus omnis aut vitae aut eos. Consectetur voluptas natus praesentium quam voluptatum.',1,'1981-04-02 10:25:21','2010-11-21 08:34:33'),(137,37,37,'Illo natus consequatur et fugiat voluptates magni voluptas. Earum enim aut tempore laudantium asperiores aliquid. Possimus repellat voluptatem sit.',1,'1998-07-23 14:54:36','1995-06-03 02:53:42'),(138,38,38,'Voluptatem quia inventore atque non omnis. Impedit maxime odit incidunt repellendus quibusdam rerum. Labore exercitationem deserunt laborum est voluptas.',1,'1973-12-05 06:37:36','2017-08-27 07:50:45'),(139,39,39,'Dolores numquam ex tempore et. Voluptatum ut voluptatum qui qui maiores facere.',1,'1975-07-31 20:03:50','1989-05-23 22:50:45'),(140,40,40,'Nisi quis quis voluptatibus voluptatem voluptas ab. Officiis perferendis in sint eveniet reprehenderit est ipsum.',1,'1989-12-23 19:08:33','1979-02-01 04:50:09'),(141,41,41,'Sunt dolorem nam culpa maxime vel commodi veniam. Amet quas enim fuga non pariatur doloribus. Et tenetur minima laudantium illo. Libero et eius illum in molestias magnam natus.',1,'1972-04-20 17:14:01','1984-03-14 14:06:43'),(142,42,42,'Velit dolore libero debitis amet est est voluptas reiciendis. Molestiae animi est itaque vel vel nobis.',1,'1999-07-24 22:04:26','2002-01-26 15:18:28'),(143,43,43,'Et laudantium autem praesentium repudiandae. A laborum eaque cumque officia reiciendis. At sed numquam voluptas non porro.',1,'1980-05-21 05:42:54','1976-10-01 12:54:22'),(144,44,44,'Dicta voluptatum facilis in. Voluptate eaque iure amet omnis. Et quod consequatur ad voluptatem impedit.',0,'1998-05-23 03:08:52','1999-01-23 13:02:40'),(145,45,45,'Blanditiis eum incidunt nostrum similique dicta minima et. Autem sed et et animi quae.\nRerum consequatur quia ipsam voluptates. Delectus et qui commodi quasi repellat unde laborum.',1,'1992-12-06 23:57:15','1973-03-02 04:17:07'),(146,46,46,'Deserunt saepe et recusandae repudiandae illum. Est quis temporibus et non et.',1,'2019-05-28 10:09:33','1975-07-17 14:42:39'),(147,47,47,'Ea tempora fugiat repellendus id consequatur est nisi. Ut ut dolore architecto et quae vel harum. Placeat delectus alias fugit corrupti autem id nihil.',1,'1998-07-29 22:25:56','1987-04-25 06:50:20'),(148,48,48,'Eos aut ratione error culpa. Et ab qui ducimus. Harum tenetur iusto ab.\nPariatur sunt eum nulla aut officia et et. Laboriosam exercitationem non dolor unde necessitatibus eos laborum.',1,'2000-05-14 08:09:31','1981-02-18 20:16:08'),(149,49,49,'Vero occaecati tenetur rerum. Omnis quae est velit. Nesciunt aliquid eos vitae consectetur a voluptas. Cumque dicta voluptatem quos tempora officia.',0,'2011-03-23 13:03:57','2004-10-27 18:05:18'),(150,50,50,'Quis autem rerum impedit voluptas provident sed aut. Necessitatibus eum accusantium neque et et. Dolor magni autem aut numquam natus soluta quos. Et dolore vero illo veritatis autem.',0,'1997-02-20 07:16:44','1982-07-14 11:51:58'),(151,51,51,'Et culpa alias iste natus nam. Illum blanditiis culpa facilis minima et. Aut dolores numquam nemo ut. Dicta iste ut officia ab omnis totam suscipit.',0,'2006-08-03 06:03:28','1996-03-17 10:01:21'),(152,52,52,'Officia sed quibusdam in sed. Minus beatae voluptatem qui nam in quas neque. Aliquid id tempora iure ipsa ratione quos. Quo assumenda voluptatem numquam blanditiis.',0,'1976-07-10 05:11:29','2003-04-11 15:47:56'),(153,53,53,'Et recusandae et et molestias. Temporibus debitis incidunt quasi officiis aut. Qui similique illum sit ullam libero necessitatibus vel.',0,'1976-08-05 00:37:09','1978-08-05 03:27:29'),(154,54,54,'Inventore aut ducimus asperiores quaerat quasi fuga aut sed. Consequatur minus qui rerum cum consectetur modi porro. Aut est a dolor adipisci. Facere quia exercitationem accusantium.',0,'2007-03-04 07:25:39','1993-09-16 21:10:18'),(155,55,55,'Molestiae eius architecto culpa in. Perferendis alias perferendis officia aut dolores qui perspiciatis est. Quia excepturi est nostrum et veniam enim.',1,'2008-08-10 18:13:18','1973-08-07 12:53:57'),(156,56,56,'Quia architecto sunt cupiditate voluptas aliquam et. Et dolorum atque ut assumenda qui dolor. Quos ratione expedita fugit numquam omnis illum laborum.',0,'2020-03-12 04:08:18','1982-01-13 06:15:13'),(157,57,57,'Quibusdam doloremque eveniet possimus ab magni inventore sit. Cumque sequi fugiat et eaque. Quia inventore aut doloribus neque neque beatae et.',1,'2020-07-31 09:54:44','2011-03-11 15:02:17'),(158,58,58,'Cumque recusandae voluptatem possimus commodi distinctio maxime at. Minus voluptas quia neque voluptatem assumenda consequuntur et. Impedit aut qui sint sed. Sunt explicabo nesciunt impedit nisi.',0,'2008-04-17 05:35:11','2001-06-24 11:25:07'),(159,59,59,'Perferendis laborum ullam nihil eos sit laboriosam sunt. Asperiores officiis dicta repellendus.',0,'1997-03-08 06:41:52','2010-06-09 07:39:43'),(160,60,60,'Pariatur consequatur ad soluta voluptatem ab. Consequatur qui quidem provident. Dolor omnis et eos beatae nostrum tempora. Eius voluptatem autem temporibus commodi enim nihil.',0,'2011-09-09 10:38:29','2009-11-09 17:17:08'),(161,61,61,'Aut quo vitae qui omnis veritatis. Labore totam dolorem rerum quidem porro porro nisi. Ad quis enim sed repudiandae vel officia architecto. Non recusandae ex aliquam.',1,'2004-01-21 16:30:52','1991-01-03 23:44:09'),(162,62,62,'Est saepe tempora magnam sit et aut. Eum nam et assumenda molestias sit eum. Consequuntur quae omnis asperiores excepturi rerum repudiandae. Et harum repellat ut tempore consectetur.',1,'1981-09-23 09:36:31','1991-04-13 20:01:11'),(163,63,63,'Blanditiis deleniti nobis vero incidunt. Aperiam corrupti saepe unde id. Tempore dolores non quisquam corrupti eveniet laborum ullam. Quidem qui non praesentium ea.',0,'1974-05-27 14:17:02','2019-08-08 14:24:17'),(164,64,64,'Repudiandae sed dolore eligendi nostrum consequuntur quam id. Beatae sit qui voluptatem est qui et autem.',1,'2001-06-27 12:07:13','2009-12-16 10:31:14'),(165,65,65,'Animi sint vel sit ea. Sit rem delectus eligendi dignissimos. Quibusdam nihil cupiditate quis in saepe. Quam quas officiis adipisci necessitatibus.',0,'1996-09-21 17:04:07','2004-11-20 19:17:48'),(166,66,66,'Doloremque ut sit qui fuga necessitatibus nobis facere. Et in architecto ipsa delectus in. Dicta eum aut similique et excepturi fugiat facilis eum.',0,'1996-04-04 23:07:28','1971-06-10 05:32:38'),(167,67,67,'Magnam recusandae et blanditiis id magnam ut. Molestias delectus ducimus eius illo ut et eaque voluptate. Veritatis aut quia et molestiae ut libero eveniet. Quisquam voluptatem debitis illo sint ab.',0,'1990-01-15 11:12:27','1989-07-18 04:25:20'),(168,68,68,'Sequi architecto vero mollitia praesentium suscipit. Sunt ea possimus et quo. Dolor totam non repellat itaque pariatur facere. In aut et iure dignissimos eum debitis.',1,'1984-03-13 18:19:13','1980-12-31 21:25:18'),(169,69,69,'Optio minus tenetur id exercitationem voluptatem non. Repudiandae non fuga saepe voluptatibus cum. Est sed quam iure distinctio perferendis aliquam. Quos non vero eum perspiciatis sint quis quasi.',0,'1981-03-28 22:41:58','1987-04-25 09:42:49'),(170,70,70,'Laborum natus velit repudiandae eligendi. Ipsam enim tempora excepturi. In debitis quidem qui architecto.',1,'1978-06-30 20:23:03','1978-04-03 04:41:45'),(171,71,71,'Laudantium eveniet illo distinctio fuga et. Veniam impedit est ex consectetur aperiam dolorum consequatur. Amet qui autem consectetur itaque debitis.',1,'2014-02-01 10:15:54','2006-11-11 13:37:57'),(172,72,72,'Quibusdam earum quis repellat commodi. Et iusto sed et quia numquam est asperiores praesentium. Aperiam nesciunt quibusdam corporis illo adipisci.',1,'2004-04-30 09:40:40','1994-04-15 21:22:22'),(173,73,73,'Consequatur et sed et. Quia quaerat dolorem est sit.',0,'2000-12-24 05:07:40','1999-02-22 19:13:05'),(174,74,74,'Consequuntur vel vel dolores facilis sunt. Sunt blanditiis doloribus aut ut. Sed et perspiciatis velit ut.',1,'1993-07-25 13:06:30','2011-11-08 10:58:14'),(175,75,75,'Natus a illo dolore dolores perspiciatis officia. Vero quam consequuntur sequi minima aut. Architecto voluptates ducimus ut velit porro.',0,'1970-08-10 23:21:24','2016-03-07 03:43:34'),(176,76,76,'Dolorem eaque dolorem maiores tempora deleniti temporibus ut. Dolores vitae aut pariatur ex minus nobis. Quae deserunt ea fugit hic.',0,'2021-01-26 19:17:01','1996-03-04 22:21:18'),(177,77,77,'Autem optio unde perspiciatis assumenda. Ut laboriosam rerum error. Molestiae expedita sint odio temporibus quia qui.',0,'1971-10-16 12:23:37','1983-03-08 10:26:37'),(178,78,78,'Illum officia doloremque eligendi minima et repellat. Et et quo doloremque fuga delectus vel. Autem quidem ad veniam et eligendi odio sunt. Quidem molestiae et ea porro.',1,'2001-05-26 06:02:13','1980-02-22 18:36:02'),(179,79,79,'Quidem qui assumenda voluptate accusantium et. Ipsum sunt quia vel eum. Magnam enim quae modi voluptatum fugit id aliquid ea. Cupiditate nesciunt similique in. Odio et et veniam soluta.',0,'1993-07-19 18:46:49','1977-05-25 14:37:54'),(180,80,80,'Perferendis molestiae reiciendis corrupti cum consequatur et nihil. Sit dolor officiis eos reiciendis nihil. Repellat accusamus eos architecto rerum sit labore. Debitis veniam aut incidunt autem.',0,'2000-07-13 19:30:30','2012-04-25 12:50:58'),(181,81,81,'Non non in omnis ad quibusdam. Ea possimus quia quisquam. Quod et temporibus laboriosam magnam voluptas. Fugiat unde aut nulla facilis quae consequatur dolorem.',1,'2013-01-07 21:45:52','2008-10-07 08:04:03'),(182,82,82,'Omnis voluptas nisi voluptas voluptatem dignissimos sunt. Velit corporis nisi omnis quam sed. Nam incidunt ut eaque culpa eaque ea excepturi.',1,'2000-12-28 22:02:35','1974-07-25 18:08:29'),(183,83,83,'Sit et aliquid nam sequi dolorem ad vel. Sint est ut earum culpa. Corrupti et sequi natus beatae eum animi pariatur.',1,'1991-07-10 18:03:23','2008-09-11 00:01:37'),(184,84,84,'Amet rerum et quae minima. Repellat harum nam reiciendis id culpa. Maiores est maiores impedit. Recusandae omnis ea officia. Magni quaerat ratione quidem et.',0,'2011-01-05 08:58:31','2011-11-27 02:09:38'),(185,85,85,'Ad molestias sit nisi id quia inventore. Et reprehenderit corporis impedit laboriosam. Itaque rerum voluptatibus provident quaerat.',1,'1978-02-13 19:27:22','2018-07-08 12:17:01'),(186,86,86,'Aut corrupti corrupti ipsam cupiditate dolores. Unde ad enim rerum. Numquam velit a ut magnam maiores voluptate blanditiis. Sunt ut quod id quia voluptate.',1,'2000-06-05 20:25:15','2004-12-12 18:10:37'),(187,87,87,'Quam voluptate rem quam quam libero quaerat dolor rerum. Et maxime error quia qui sit impedit aut. Et qui occaecati non consectetur quae et. Illum iste provident nostrum est exercitationem officia.',1,'2003-12-06 09:57:29','1982-01-10 22:42:47'),(188,88,88,'Alias tempore eos rerum est eum ut. Rerum aut minus aliquam voluptate quia. Dolores non eaque voluptatem voluptatem id voluptatibus. Ut ratione ab assumenda occaecati.',1,'1986-04-15 16:36:46','2005-02-14 02:46:09'),(189,89,89,'Quidem consectetur ea molestias nostrum voluptas culpa tempora. Enim similique autem aut hic error. Ea omnis asperiores et alias veniam nihil.',0,'1997-09-02 11:59:20','2003-05-08 07:45:05'),(190,90,90,'Repellendus iusto repellendus aut distinctio dolor et provident voluptatum. Consequatur quia nesciunt unde delectus et. Quidem sit sint sed. Eius id quae dignissimos reprehenderit voluptas.',1,'2011-01-12 19:08:20','1989-09-19 23:18:45'),(191,91,91,'Deserunt suscipit ducimus in. Amet saepe minus exercitationem pariatur tempore.',1,'1990-05-26 10:39:03','2000-12-06 01:59:15'),(192,92,92,'Reprehenderit aut rerum ad. Consequatur accusamus magnam quasi maxime. Nostrum voluptatem eum perferendis voluptas repellat. Commodi harum vel eos cupiditate.',1,'1985-08-14 03:41:08','2010-12-24 12:18:17'),(193,93,93,'Et consequatur id veniam tempore. Omnis aut nisi aut vero ullam inventore ut.\nEt in quibusdam dolores animi eum. Delectus nihil incidunt voluptatem eos ut.',1,'1983-04-12 09:31:17','1973-09-27 05:03:02'),(194,94,94,'Error sit saepe doloribus aut quia sit cum adipisci. Nihil doloribus voluptatem distinctio. Molestiae dolore eligendi expedita aut iusto.',0,'1983-09-16 21:21:53','1986-09-19 23:21:05'),(195,95,95,'Placeat vitae aut nihil odio. Accusantium ex eos repellendus et earum. Consectetur qui vero ut. Quia qui aut velit vel omnis iusto iste.',0,'1978-07-30 22:28:00','2020-05-03 15:28:31'),(196,96,96,'Quia nam ad aut commodi accusamus dolores. Voluptatibus voluptas est aliquam est voluptatibus qui veritatis. Laudantium iste officia rerum est est quis.',0,'1989-06-29 07:38:18','1982-06-03 09:51:22'),(197,97,97,'Dolor id qui et. Et blanditiis aspernatur cupiditate et.',0,'2018-07-19 07:03:12','1984-03-11 04:30:38'),(198,98,98,'Voluptatem dolorum qui nihil et. Voluptate aut aperiam architecto repudiandae consequatur voluptas. Voluptatibus dolore ullam voluptates illo porro aspernatur. Et sit eos porro perferendis qui.',0,'1972-12-09 22:18:48','1977-08-13 14:56:34'),(199,99,99,'Ad sequi quas ut dolor assumenda autem provident. Officia officiis cupiditate beatae a. Ut ipsa magni est at et modi. Aspernatur et quasi voluptates ea. Iure repellendus est doloremque reprehenderit.',1,'1979-01-01 20:53:18','2020-08-30 02:48:34'),(200,100,100,'Dolorem aut voluptas est qui. Magni illo repellat voluptatibus quod soluta. Voluptatum repellendus voluptas blanditiis autem et illo. Quis nisi velit neque est voluptates.',1,'1972-01-03 07:55:14','2002-09-01 05:23:28'),(201,1,1,'Praesentium eum veniam sint eum. Laboriosam et earum dolorem dolores est porro blanditiis. Dolorem odio possimus distinctio repudiandae.',1,'2017-04-30 05:14:53','2006-03-16 02:28:28'),(202,2,2,'Pariatur distinctio perferendis incidunt saepe voluptatem. Corporis enim totam odio quos. Fugit et autem voluptatem enim. Molestias voluptatem doloremque suscipit sint voluptas aut.',0,'2000-03-31 10:32:18','2014-09-26 22:58:47'),(203,3,3,'Ab dolorem nobis aut asperiores. Dolorem aut error error officia rerum sunt error. Earum nesciunt exercitationem eius ullam quia temporibus eum. Laboriosam omnis praesentium dolorum eum eum aliquid.',1,'2000-12-13 14:32:05','1974-10-16 11:32:28'),(204,4,4,'Saepe est et et quasi. Accusantium laudantium maiores repellat. Eveniet itaque possimus voluptatem.',0,'1980-01-16 02:47:25','1970-01-14 06:36:35'),(205,5,5,'Dolores corporis maxime odit et alias. Distinctio sunt est aliquid eum ipsum. Aut saepe eos debitis iusto. Rerum vel quo minima ipsum nihil.',1,'2013-05-10 04:12:08','1989-10-17 11:58:36'),(206,6,6,'Qui rem nulla voluptate. Aut recusandae nihil voluptatum et sit. Quibusdam dolorem cum et consequatur et unde in. Porro ut eveniet natus assumenda repellendus quia.',0,'1985-02-10 13:35:04','2015-09-02 14:41:35'),(207,7,7,'Consequatur tenetur debitis harum. Quo sint iure odio aut aut quae consequatur. Eius aspernatur voluptate rem delectus in error. Non officiis officiis autem consequuntur rerum quam est odio.',0,'1982-09-29 21:41:12','1987-08-15 02:13:16'),(208,8,8,'Ratione sapiente aut exercitationem est modi minima a. Facere quia et ipsam repellendus. Sit consequatur odio dignissimos voluptas accusamus eos perferendis officiis.',1,'2002-12-25 20:22:54','1979-07-19 19:44:13'),(209,9,9,'Vitae nisi et dolores officia optio. Qui error ad quidem. Omnis voluptas dolor qui quos earum aliquam.',1,'2009-02-15 13:24:14','2018-12-21 16:14:45'),(210,10,10,'Iure veniam sapiente accusamus autem suscipit qui. Voluptatibus blanditiis aut qui perspiciatis.',0,'1993-05-09 06:01:53','1975-11-19 18:55:56'),(211,11,11,'Delectus ut in est numquam soluta. Ea maiores earum aliquid voluptatum excepturi assumenda sed. Non cumque est in fuga veritatis.',0,'2005-07-25 16:27:49','1973-06-20 14:48:16'),(212,12,12,'Omnis asperiores aut hic quis ipsum est. Vero deleniti sunt voluptatem voluptatem. Tenetur et exercitationem architecto ea id repellendus et.',1,'1988-03-13 18:04:49','1980-09-19 14:10:26'),(213,13,13,'Amet ea excepturi quia non. At quia consectetur cupiditate aliquam et autem. Aut non blanditiis velit nesciunt ut rerum asperiores.',0,'2003-06-08 07:22:54','1970-08-26 16:07:24'),(214,14,14,'Quo commodi repellendus magni quas. Illum iure sint ut dicta dolor. Temporibus deserunt ut sapiente non sit.',1,'2014-12-22 15:14:28','1970-01-20 00:45:35'),(215,15,15,'Doloremque qui voluptatem sequi deserunt minus dolores incidunt. Exercitationem qui occaecati ad velit quaerat distinctio qui. Ut et sed harum et harum enim accusantium.',1,'1995-12-17 11:11:57','2011-06-28 07:53:44'),(216,16,16,'Eum ut praesentium dolorem quia repellat occaecati ut voluptatem. In minima quam molestiae sit magnam distinctio natus deserunt. Ea aspernatur veritatis numquam ut qui delectus quisquam.',1,'2000-12-07 07:03:37','2009-04-22 05:31:13'),(217,17,17,'Dolorem pariatur aliquam sit aperiam eos. Molestiae nobis non atque sunt laborum velit. Recusandae vel omnis dolorem dolorum a.',0,'1999-12-13 15:24:49','1986-09-05 01:00:20'),(218,18,18,'Et harum autem nihil et praesentium laudantium et. Cupiditate deserunt aut rerum.',1,'1971-08-06 23:15:12','1988-04-17 14:09:23'),(219,19,19,'Aliquid officia eveniet autem qui minima illo alias. Sit sequi expedita molestiae hic iusto. Quas qui aut perspiciatis doloremque velit in. Sit molestias mollitia quis.',1,'1993-03-11 22:06:08','1972-06-22 03:55:35'),(220,20,20,'A ipsum unde consequatur non perferendis ex. Et et est iure.\nVel facere reiciendis ab autem beatae sequi. Aut quam sunt alias error harum nisi.',1,'2002-02-03 05:30:02','2012-10-11 08:08:19'),(221,21,21,'Recusandae eos velit aut et dolorum aut. Ut et minus deserunt ratione. Et quis animi itaque corrupti.',1,'1991-09-29 03:41:53','2016-08-11 16:10:40'),(222,22,22,'Rem sit assumenda aut optio deleniti accusantium facere. Harum nihil explicabo omnis minus nam ut. Hic debitis ut voluptatum assumenda.',0,'1974-06-26 10:14:48','2005-02-25 04:07:04'),(223,23,23,'Et repellat quis officia praesentium omnis. Illo quos cupiditate eos ullam magni voluptas qui dolorem. Id ut tenetur atque dolorem et sed.',1,'2016-03-16 01:48:24','2008-04-28 20:45:30'),(224,24,24,'Atque ad nihil fuga libero natus. Omnis cum nostrum inventore est nemo totam. Eos culpa repudiandae rerum sunt.',0,'2012-11-28 11:38:35','1998-10-06 13:29:12'),(225,25,25,'Quis veritatis placeat quam mollitia sint commodi. Quae deserunt possimus corrupti repellat sint debitis tempora.',1,'2011-10-23 09:19:39','2012-01-30 02:11:42'),(226,26,26,'Sequi ab facilis adipisci esse voluptatem ducimus ut. Voluptatem id qui iste voluptate fuga et voluptas. Numquam sequi magni quo sint veritatis.',1,'2001-11-28 05:31:58','1996-09-07 00:35:12'),(227,27,27,'Quo consequatur explicabo quasi provident numquam consequatur. Recusandae dignissimos non necessitatibus quibusdam quam officia. Dicta excepturi nostrum quisquam sunt minima.',0,'1970-12-18 21:21:03','1974-05-02 10:01:01'),(228,28,28,'Necessitatibus nobis sequi qui omnis eligendi eaque autem. Ipsum possimus voluptatum vitae odit ea iste ullam.',0,'2015-03-06 11:20:47','2017-01-22 11:40:38'),(229,29,29,'Voluptas eius eum quod eius vero amet. Quos dolor optio dolores pariatur aut nihil. Ipsa sed nisi temporibus a et nemo eos.',1,'2005-08-15 02:59:48','2011-07-18 16:49:34'),(230,30,30,'Ut nam nulla neque impedit. Sint iste doloremque impedit facilis iure. Tempore hic consequatur architecto animi fuga.',1,'2005-06-10 14:53:02','1980-08-31 10:24:59'),(231,31,31,'Fugit natus maxime porro quis a exercitationem. Et ea dolor recusandae et id. Consequatur unde harum necessitatibus consectetur.',1,'1990-08-28 12:24:30','1986-02-13 15:55:12'),(232,32,32,'Odit adipisci tenetur provident sed id reprehenderit occaecati. Totam earum eius sed est accusamus. Provident molestiae voluptatum voluptatum pariatur non quis voluptas repellendus.',1,'2001-01-24 03:44:57','1992-04-26 00:29:30'),(233,33,33,'Iusto et totam est consequatur perspiciatis vero enim similique. Necessitatibus debitis doloribus laboriosam nisi aut quod. Et quo ipsa eligendi. Velit numquam architecto sed voluptas id quam natus.',1,'1974-12-24 19:36:06','2002-03-29 03:29:23'),(234,34,34,'Dolores quia doloribus et. Aspernatur vero atque optio rerum. Est ut vitae quod expedita beatae temporibus voluptate. Voluptatem iure et optio quis officia dolores ducimus.',1,'1998-01-20 10:31:47','2004-02-08 10:28:34'),(235,35,35,'Voluptatum doloremque odio dolores aut quasi quae in velit. Ipsa voluptatem qui voluptatem amet esse. Qui deserunt nihil quisquam qui. Omnis et dolorum laboriosam recusandae.',1,'1983-05-12 11:48:43','1985-10-15 06:48:06'),(236,36,36,'Saepe vero itaque repellat accusamus exercitationem. Voluptatem et molestias aut qui laborum ipsa. Ullam rem voluptas nam dolor. Cum tempora occaecati explicabo in.',0,'1992-02-10 16:46:55','2020-10-02 21:18:21'),(237,37,37,'Sunt ea nihil qui. Asperiores perspiciatis libero cupiditate sint sint. Quidem voluptatem vero sunt necessitatibus nihil.',0,'2019-05-22 17:01:17','1974-03-11 03:15:06'),(238,38,38,'Temporibus placeat unde suscipit aut officiis itaque ad quas. Et dolorem quo nulla nesciunt temporibus aut. Occaecati accusamus fugit magni mollitia animi reiciendis.',0,'1974-11-25 12:13:19','1989-05-23 03:54:35'),(239,39,39,'Consequatur exercitationem sequi tenetur dolorem. Iure nam ipsam sit esse tempora debitis natus.',0,'1986-10-12 10:14:47','2008-06-25 12:08:16'),(240,40,40,'Est nihil ipsa maiores possimus dolores voluptatem. Veniam quia optio temporibus qui. Sunt eos voluptas omnis iusto. Quia id sit dolorem nobis autem.',0,'2017-12-15 05:39:14','2015-10-02 02:12:45'),(241,41,41,'Maiores est placeat placeat et nostrum tempora similique. Placeat velit dignissimos alias dolorem vel ullam. Unde voluptas fuga ipsum aut.',0,'2002-03-30 00:07:59','2017-11-14 14:03:38'),(242,42,42,'Magnam labore id aliquam soluta ex at veniam. Quo atque earum et numquam non veniam ut. Pariatur rerum nostrum soluta velit. Accusamus eaque officia qui.',0,'1977-12-06 06:52:04','2000-07-15 18:06:42'),(243,43,43,'Quo similique perferendis non omnis. Voluptatem nobis rem illum quam.',1,'2009-07-29 01:19:51','2018-12-04 18:13:18'),(244,44,44,'Ut ut tenetur pariatur dolorem. Ut ut sed aliquid non exercitationem. Ea quaerat voluptatem harum voluptas.',0,'1979-12-24 10:19:32','2018-06-06 09:42:23'),(245,45,45,'Consequuntur necessitatibus natus cupiditate et. Aperiam modi et quia molestias maiores ut fuga voluptas. Modi veritatis aut distinctio incidunt.',0,'2008-03-03 00:01:31','1997-05-08 18:42:19'),(246,46,46,'Ut vero ipsam minima blanditiis sed ea repudiandae. Qui architecto omnis non est cumque dolore alias. Dolores voluptatibus modi suscipit placeat repellat ut. Qui dolores eius eius fugiat.',0,'2005-01-24 12:41:09','1972-12-13 03:33:59'),(247,47,47,'Et quia ut ut dolorem. Illum ducimus dolore non vel consectetur necessitatibus. Odio sunt et aut ea similique. Similique rerum rem sed maiores.',1,'2007-07-10 21:42:00','1988-03-17 20:00:13'),(248,48,48,'Voluptatem tenetur magni et mollitia est. Dolores molestiae nemo numquam veritatis est. Eum labore repellendus neque cum quam voluptatem. Rem ut occaecati dolorum.',1,'2009-07-23 08:37:53','2019-06-30 17:12:57'),(249,49,49,'Itaque et vero omnis laudantium dolorem itaque. Sint modi vel ut neque adipisci. Dolorem reiciendis dolores perspiciatis. Laudantium sed velit eos aliquid voluptatem voluptatem.',0,'1975-11-02 19:09:39','1970-02-13 11:27:17'),(250,50,50,'Temporibus totam reiciendis quia. Molestias dolor quod provident reiciendis perspiciatis rerum. Dolor qui dolorem pariatur assumenda sit nihil et. Veritatis consequatur aut quasi ipsam eaque nemo.',1,'2012-08-07 23:17:56','1991-06-25 23:46:13');
/*!40000 ALTER TABLE `messages` ENABLE KEYS */;
UNLOCK TABLES;

--
-- Table structure for table `profiles`
--

DROP TABLE IF EXISTS `profiles`;
/*!40101 SET @saved_cs_client     = @@character_set_client */;
/*!40101 SET character_set_client = utf8 */;
CREATE TABLE `profiles` (
  `user_id` bigint(20) unsigned NOT NULL,
  `gender` enum('f','m','x') COLLATE utf8mb4_unicode_ci NOT NULL,
  `birthday` date NOT NULL,
  `photo_id` bigint(20) unsigned DEFAULT NULL,
  `user_status` varchar(30) COLLATE utf8mb4_unicode_ci DEFAULT NULL,
  `city` varchar(130) COLLATE utf8mb4_unicode_ci DEFAULT NULL,
  `country` varchar(130) COLLATE utf8mb4_unicode_ci DEFAULT NULL,
  UNIQUE KEY `fk_profiles_users_to_idx` (`user_id`),
  UNIQUE KEY `photo_id` (`photo_id`),
  CONSTRAINT `fk_profiles_users` FOREIGN KEY (`user_id`) REFERENCES `users` (`id`)
) ENGINE=InnoDB DEFAULT CHARSET=utf8mb4 COLLATE=utf8mb4_unicode_ci;
/*!40101 SET character_set_client = @saved_cs_client */;

--
-- Dumping data for table `profiles`
--

LOCK TABLES `profiles` WRITE;
/*!40000 ALTER TABLE `profiles` DISABLE KEYS */;
INSERT INTO `profiles` VALUES (1,'f','1987-07-03',35490427,'Veritatis accusantium iste per','Kennethtown','Nicaragua'),(2,'f','2020-12-12',25192884,'Voluptatem laudantium non fuga','Ivorymouth','Honduras'),(3,'x','1976-03-14',540205850,'Eum architecto aliquam alias m','Sabinaville','Switzerland'),(4,'m','1999-10-21',3426694,'Quidem corporis esse optio vol','Bogisichberg','Cameroon'),(5,'x','1977-05-02',12616,'Enim doloremque architecto ut ','South Adaline','Iraq'),(6,'m','2016-08-08',1247392,'Nesciunt quidem quo et saepe q','Legrosstad','Austria'),(7,'m','1986-07-01',28992059,'Quam in quis ab aut. Ipsum mai','Stantonshire','Ghana'),(8,'x','1998-02-22',63,'Voluptates eveniet sit ut erro','East Ashleigh','Guinea-Bissau'),(9,'f','1978-09-30',93771326,'Et aut similique qui magni. Te','North Blake','Guinea'),(10,'f','1989-02-22',0,'Tempore sunt dignissimos provi','Beatricebury','Denmark'),(11,'x','1973-03-23',892491429,'Reprehenderit modi beatae nam ','Angelotown','Namibia'),(12,'f','1983-10-14',31,'Eligendi quibusdam quia ut dol','Mayerstad','Angola'),(13,'f','1993-04-13',6955563,'Dolorum sequi occaecati distin','Claramouth','Honduras'),(14,'x','2016-01-10',362,'Laborum sed magni incidunt aut','Aimeemouth','Swaziland'),(15,'m','2002-01-12',943387,'Nam a quidem nihil recusandae.','Heaneyton','Sudan'),(16,'x','1988-05-18',2538,'Natus dolores aut molestias ea','Adrianmouth','Falkland Islands (Malvinas)'),(17,'m','2019-11-18',949014717,'Occaecati incidunt laboriosam ','Clementborough','Kenya'),(18,'f','1979-03-03',59875957,'Et exercitationem quia fuga do','Howardhaven','South Africa'),(19,'m','2003-12-16',50,'Consequatur et voluptatem magn','Kutchville','Namibia'),(20,'x','1974-03-21',84,'Ratione quia ad officia aliqui','Johnsonberg','Bangladesh'),(21,'f','1988-04-05',5276648,'Quas dolore et temporibus corp','West Syble','Serbia'),(22,'x','1975-11-07',8919954,'A veritatis harum aut omnis it','Rheabury','Argentina'),(23,'f','1981-09-11',269,'Quo a earum molestiae doloribu','Welchburgh','Saint Kitts and Nevis'),(24,'f','1971-05-14',97764570,'Hic occaecati alias odio ut vo','Framiport','French Guiana'),(25,'x','1978-10-06',2,'Unde doloribus voluptatem volu','Hoegerhaven','Sudan'),(26,'x','2014-07-07',48,'Et voluptatem similique velit ','South Felicia','Jordan'),(27,'f','1995-10-10',99323,'Possimus illum quo quis doloru','DuBuqueport','Tanzania'),(28,'m','1987-04-28',39040,'Soluta velit impedit excepturi','North Alex','Guinea'),(29,'m','1975-03-13',354,'Voluptatem sit libero dolore q','Leuschkeview','Cote d\'Ivoire'),(30,'m','1985-11-17',7597410,'Nemo aut ab velit. Tenetur ut ','North Concepcion','Russian Federation'),(31,'f','1981-04-13',7,'Tempora autem rerum consequunt','Emilstad','Kyrgyz Republic'),(32,'x','2018-08-05',742006,'Id qui sunt quia totam. Dolore','South Delia','Venezuela'),(33,'x','1982-01-02',9011,'Voluptatem eius modi ab ut com','Conroyburgh','Germany'),(34,'m','2002-01-03',751775688,'Necessitatibus accusantium nos','Hoegerfort','Armenia'),(35,'m','1978-11-02',481882709,'Quia animi magni nisi dolor as','Legrosstad','Guinea-Bissau'),(36,'x','2009-12-19',36462,'Velit et alias molestiae minus','Port Caroleshire','Bangladesh'),(37,'f','1972-10-15',78392,'Est deleniti et corporis dolor','South Jayne','Greece'),(38,'m','1992-11-25',43446093,'Dolore beatae voluptas debitis','Purdyport','Denmark'),(39,'x','2001-12-19',196209,'Corrupti a numquam autem disti','Rathview','Tokelau'),(40,'f','2007-06-14',36236429,'Officia non repellendus a corp','Dellaside','Macao'),(41,'m','1974-04-28',89860,'Voluptatem soluta qui ad in et','Fanniebury','Uzbekistan'),(42,'m','1993-07-19',8,'Est qui eligendi officia autem','O\'Connellton','Bangladesh'),(43,'x','2005-11-05',590443,'Enim quaerat non similique vel','Eastonberg','El Salvador'),(44,'m','2008-03-18',8019402,'Cumque temporibus aut tempora ','North Mireilleburgh','Christmas Island'),(45,'f','2018-08-07',1021,'Ea reiciendis mollitia reicien','East Faeside','Sweden'),(46,'m','2008-06-22',432792848,'Quae commodi cupiditate quibus','Jarvisside','Cyprus'),(47,'f','1978-12-01',6388,'Nihil ducimus architecto maxim','East Murphystad','Mauritius'),(48,'f','2000-12-22',1,'Quae rerum provident excepturi','Mertzview','Zambia'),(49,'x','1986-07-28',64395670,'Earum voluptas totam debitis h','Jonesside','Montenegro'),(50,'f','1996-03-16',3,'Dicta odio recusandae sapiente','Kassulketon','Czech Republic'),(51,'f','2020-07-09',81,'Ipsam architecto omnis reicien','South Jerrold','Serbia'),(52,'x','2011-10-07',914339285,'Ea sed expedita officia magnam','North Daronview','Qatar'),(53,'f','1970-06-24',517,'Doloremque totam cum velit con','East Adanhaven','Ecuador'),(54,'m','2016-05-18',575389,'Voluptates pariatur reprehende','Graceview','Saint Barthelemy'),(55,'f','1993-05-11',522582565,'Soluta consequatur magni volup','Port Olenborough','Malaysia'),(56,'m','1975-07-01',754138,'Facere qui quidem nesciunt mag','Lake Murphyfurt','Norway'),(57,'m','1991-09-27',8757,'Consequatur quo et a voluptate','Anitaborough','New Zealand'),(58,'m','2015-04-02',56024920,'In sequi voluptatem mollitia t','West Chelsie','Bahrain'),(59,'x','1998-12-06',5,'Ut quia qui atque nostrum dolo','Lake Jerald','Botswana'),(60,'f','2019-05-15',152,'Illum nisi fuga eligendi sit i','West Tyson','Saint Lucia'),(61,'x','1971-04-28',896505017,'Sit aut provident quae. Odio o','Robelhaven','Philippines'),(62,'x','1978-04-24',654,'Aliquam provident quo omnis. R','Goyettefurt','Croatia'),(63,'f','2007-10-20',59149098,'Voluptas sit qui dolore qui vo','South Destin','Haiti'),(64,'f','2002-01-06',98030,'Ab dolor tempora laboriosam qu','Zulaufhaven','New Caledonia'),(65,'f','1977-09-30',15168705,'Sint tenetur corporis et quos ','Myrtisview','Greenland'),(66,'m','2015-07-27',16007,'Voluptas amet est sequi vel qu','New Adeline','Paraguay'),(67,'m','1985-06-12',26355163,'Veritatis aut consequatur dese','Odieview','Bahrain'),(68,'x','1988-12-20',9302116,'Veritatis autem odio nobis nul','North Kittyborough','Germany'),(69,'x','1973-12-07',78,'Assumenda dicta qui architecto','Darrylfurt','Belize'),(70,'m','1987-12-05',910255281,'Voluptates impedit atque conse','North Elsa','Somalia'),(71,'m','1984-08-20',63970,'Libero vel rem optio ut vel pa','South Houston','Gabon'),(72,'f','1981-04-30',4003,'Repellat nulla ut ullam ea rer','Schinnerberg','American Samoa'),(73,'f','1989-08-01',813769,'Autem officia et fuga commodi ','East Catalina','Dominica'),(74,'x','1978-06-28',94413,'Suscipit repudiandae et dolor ','West Brantmouth','Korea'),(75,'m','1977-01-02',95126,'Ut qui dolor commodi. Culpa na','Turcottebury','Venezuela'),(76,'x','2012-01-02',410374,'Est autem maiores ea qui enim ','Lake Johnniemouth','Montenegro'),(77,'m','1975-06-11',65188,'Ut voluptas reprehenderit dele','Gregorymouth','United States Virgin Islands'),(78,'x','1979-02-27',844312882,'Magni qui beatae nobis et est.','South Delfinamouth','Haiti'),(79,'m','1977-07-05',4008,'A voluptas praesentium distinc','North Lina','Somalia'),(80,'m','2014-01-15',57773200,'Repellendus vel aut quo illo n','North Melyna','Micronesia'),(81,'f','2014-08-02',622862,'Repellat dolores autem et volu','Port Maye','Christmas Island'),(82,'m','2017-07-18',47364,'Nesciunt aut repellendus deser','South Ludwigberg','Niger'),(83,'x','1983-07-31',96824,'Aut distinctio voluptatibus qu','Katarinamouth','Palau'),(84,'m','1987-04-19',36,'Laboriosam ut laborum ipsam es','New Shannaview','Oman'),(85,'f','2016-07-25',632858573,'Doloribus est et occaecati rep','Jovannyborough','Malaysia'),(86,'f','2002-06-28',74,'Quibusdam cum ratione est quib','South Domenicoside','Austria'),(87,'m','1979-11-19',590532148,'Fugit ut suscipit occaecati la','Janelletown','Israel'),(88,'f','1985-10-27',2600845,'Provident fuga omnis sint. Dol','Vaughnmouth','Turkey'),(89,'x','1986-02-26',60965988,'Officia totam tempore omnis si','Port Marilie','Uruguay'),(90,'f','1995-09-25',5578,'Quos nesciunt voluptatum digni','Elmorehaven','Macao'),(91,'f','1993-09-20',6925,'Ex est quaerat possimus dolore','South Alexandrastad','Serbia'),(92,'x','2008-02-26',33199658,'Amet laborum quas quaerat est.','South Raphaelleburgh','Burkina Faso'),(93,'x','2012-10-06',40,'Cum quisquam odio facilis arch','Nicolaview','Anguilla'),(94,'x','1988-10-26',918,'Asperiores ab neque at optio c','South Elianeview','Malawi'),(95,'x','1983-09-22',635145,'Sit excepturi quisquam qui asp','East Enolaport','Lesotho'),(96,'x','2006-03-03',948,'Ratione aliquam amet omnis mol','Lake Audreanne','Vietnam'),(97,'x','2006-01-25',86,'Placeat nisi occaecati assumen','McClurefort','Russian Federation'),(98,'m','2004-10-11',1353,'Vitae optio iure explicabo opt','Bauchview','Finland'),(99,'x','2017-05-08',25568,'Nisi quas tenetur corrupti off','North Rodolfofort','Heard Island and McDonald Islands'),(100,'m','1977-12-09',980,'Aliquam temporibus non archite','Masonbury','Mali');
/*!40000 ALTER TABLE `profiles` ENABLE KEYS */;
UNLOCK TABLES;

--
-- Table structure for table `users`
--

DROP TABLE IF EXISTS `users`;
/*!40101 SET @saved_cs_client     = @@character_set_client */;
/*!40101 SET character_set_client = utf8 */;
CREATE TABLE `users` (
  `id` bigint(20) unsigned NOT NULL AUTO_INCREMENT,
  `first_name` varchar(145) COLLATE utf8mb4_unicode_ci NOT NULL,
  `last_name` varchar(145) COLLATE utf8mb4_unicode_ci NOT NULL,
  `email` varchar(145) COLLATE utf8mb4_unicode_ci NOT NULL,
  `phone` varchar(11) COLLATE utf8mb4_unicode_ci DEFAULT NULL,
  `password_hash` char(65) COLLATE utf8mb4_unicode_ci DEFAULT NULL,
  `created_at` datetime NOT NULL DEFAULT current_timestamp(),
  PRIMARY KEY (`id`),
  UNIQUE KEY `email_unique` (`email`),
  UNIQUE KEY `phone_unique` (`phone`)
) ENGINE=InnoDB AUTO_INCREMENT=101 DEFAULT CHARSET=utf8mb4 COLLATE=utf8mb4_unicode_ci;
/*!40101 SET character_set_client = @saved_cs_client */;

--
-- Dumping data for table `users`
--

LOCK TABLES `users` WRITE;
/*!40000 ALTER TABLE `users` DISABLE KEYS */;
INSERT INTO `users` VALUES (1,'Jake','Rempel','alysha.rodriguez@example.org','89993170636','f942bcc44c94dc45dfb079fb2ea81ca7cc202cda','1981-01-24 23:52:59'),(2,'Adolfo','Moore','obernier@example.com','89996138870','66f25843179d52c5a75e6f652390bf32083a5f73','1999-08-26 02:36:34'),(3,'Isidro','Gorczany','ebert.hillary@example.org','89999352827','1a8389fc69967b076f96d3297dde4a2d3cf861bb','1992-09-14 04:10:59'),(4,'Torrey','Carroll','roob.dorothea@example.org','89999261473','2a09efcc37ef99526eabfb5912d7d9460475e1c0','2003-01-07 02:54:08'),(5,'Darren','Romaguera','emery79@example.net','89992875783','77a91a2d1a58aa3d6566e3ac8b07b70f7281cb0d','1983-03-23 15:21:07'),(6,'Kamille','Anderson','drau@example.org','89993127375','8c39dda0434cef3d73883236a82953e2983e8679','1988-09-23 10:56:55'),(7,'Gail','Trantow','wiza.rosalind@example.net','89999596855','8b3ae7bd57145a07223499401f123c71eab9799f','1995-10-13 14:16:04'),(8,'Angie','Armstrong','janis.schamberger@example.org','89998149307','8b3db52d7fc8bc9c8ab778937e7b28c557e175b1','1978-04-13 15:01:14'),(9,'Freeda','Little','oran07@example.net','89992458709','dd320c65b8a673d0168485eb436c007dd0b5b24d','2009-12-18 04:05:24'),(10,'Maurine','Skiles','jmclaughlin@example.org','89990794417','2d92734f47a4653ad0cc62b7d857acab050218ec','2019-05-01 13:45:02'),(11,'Fredy','Hilll','tillman.neil@example.org','89992414305','e153e851405f4c74136d8048f4dfbe8ce231bef5','1979-03-09 03:20:20'),(12,'Alberto','Rath','autumn.dooley@example.com','89995343842','4a0be9d37c7482f388d46e2947d5ea400ebd9b1b','1986-11-27 10:37:31'),(13,'Anibal','Aufderhar','eulalia62@example.net','89995440006','171940eb01931b93dc51f99bf7b2698e5fabf6eb','1977-10-25 16:33:45'),(14,'Andreanne','Bernhard','zbode@example.org','89995986882','0d54c8a273ba0e2bc2bd9c3d618eff6b2c0667c4','2013-04-20 01:29:37'),(15,'Stanley','Streich','elabadie@example.net','89995688774','6a68b3f69cf09e0b7fc72266417fa77fdf1880b3','1990-05-23 04:13:38'),(16,'Manuela','Grant','mbatz@example.net','89991623115','eb0f69d01ea0e78a17b8f3aec8703a3452b7931a','2005-08-26 08:17:32'),(17,'Blake','Bednar','hickle.jay@example.org','89996053418','7639ad9f0533c374c0e45ca7f272f4915e17522e','2005-06-29 16:04:30'),(18,'Marion','Pfeffer','steuber.anne@example.net','89994815262','d92713588c6c7e5701b7ab341a795f39421ec5d7','2010-03-12 16:18:24'),(19,'Lucienne','Harris','rosella.kshlerin@example.com','89992970273','6aea65318e3839e48aa0b03c2da501fed9adf098','1993-11-15 12:54:07'),(20,'Alexanne','Dach','hettie.hayes@example.net','89990712598','d85c8fac1251a15532d78ad97d56cda9a1d8b10d','1982-07-09 02:11:45'),(21,'Ava','Swaniawski','cprohaska@example.com','89991633535','47671d2391932ace0bcf0a841695c094ffea0913','1985-12-31 03:20:35'),(22,'Lelah','Waelchi','yoshiko.davis@example.net','89999017293','f796fff413d1c4900c468148c3a6ff2fce2f0f87','2009-06-01 18:09:45'),(23,'Beau','Kuhn','robel.madelyn@example.org','89997136225','9122ae3005d45349bd0c3209befa7cdb48d97e9a','2010-05-06 03:57:20'),(24,'Hillary','Goodwin','mikayla81@example.com','89998616777','c5e1aa5980c9d142f2e2dcbd068296286b9a6aad','1979-05-12 19:14:00'),(25,'Krista','Bogan','cronin.denis@example.com','89996898646','b40ff4476a054f5c9daa35a2c03e402266282e97','1988-10-15 06:59:51'),(26,'Jarvis','Hegmann','lbins@example.net','89996737419','fd580ddb24b3f53ca9afa29db7d3995895da7f3f','1996-04-16 11:13:47'),(27,'Shyann','Langosh','casper.schmitt@example.com','89998774597','c37524ba9f915a6f027f3fceaedd49766b90cf8d','2013-10-25 02:36:04'),(28,'Germaine','Kshlerin','kadams@example.org','89998524209','3b676e1eadcd2cb8e03fee3d79c4cb7cdcccd28f','1980-02-25 14:13:58'),(29,'Mona','Cronin','beahan.ivy@example.net','89999880432','43333fc80c9636a84adc1619ddc9a5c4f691865c','2011-12-14 13:36:44'),(30,'Elenor','Hackett','gkerluke@example.org','89993143780','c222d2fd3b1807e56ec36ebed00026bb87a1ee28','1991-02-28 06:41:04'),(31,'Jefferey','Sipes','guadalupe55@example.org','89999712100','6abeb93738b8253361d89069852d662ea038f4fb','2010-03-15 14:11:58'),(32,'Dan','Monahan','o\'keefe.sebastian@example.net','89999795365','8fc5c8c831df4ed23a5247996cd8ed24b96461a8','1978-02-12 12:45:51'),(33,'Elda','Keeling','clementine.conroy@example.com','89994927142','33da7226a179d2bd8b2492b3396acbcf23ee6a13','2020-05-05 14:29:35'),(34,'Velma','Metz','dedrick97@example.com','89997928319','1b072b58c9bcba346935389fd46c3b3c2ee94eeb','2005-09-29 03:31:32'),(35,'Marquise','Langosh','lucile.ferry@example.org','89994723868','25c23a9fd0c216e7a2c34ea53d1730da6795cfee','1977-05-06 06:10:13'),(36,'Donna','Rodriguez','freddy14@example.com','89999480267','d47e0bf9d7ff1af8be3ab67c3c2128063ab9c8eb','1983-12-03 06:07:23'),(37,'Maxie','Runte','green.amaya@example.org','89991319412','d915aa9f29beb3e8f836d3af8f5de5932007ce1e','1997-09-17 08:52:43'),(38,'Micaela','Cassin','jacobson.jerrod@example.com','89993353215','6c0835ca0439aa99cca2c403cbcffefa172387c3','1987-11-04 03:51:39'),(39,'Brandyn','Collier','stefan72@example.net','89992116578','f84a0504ff1d7e046340cdbdc48319400b764908','1987-09-02 13:35:15'),(40,'Hester','Kris','royal.bechtelar@example.com','89997425672','988089598aac5f45f02e7b66c31882571b5937f7','2007-06-28 13:18:05'),(41,'Muhammad','Schulist','dickinson.jules@example.net','89997637186','0b50e2a8d33b53f7c64123861a61ff5a344f6081','1973-11-08 10:00:54'),(42,'Leonard','Terry','graham.kshlerin@example.net','89993848448','81507899d69e38dea7653f7001439da1c0903e8d','1971-06-28 09:46:40'),(43,'Ofelia','Volkman','garnett.hintz@example.org','89996916936','e84faa24b376fa04c7eb2e1ade69bf494abd9efb','1992-05-12 09:02:21'),(44,'Verdie','Brakus','wquitzon@example.net','89995869074','6894fd9c53ce03c80f4f5d4db651ae5ee3f6355a','1996-11-03 17:46:36'),(45,'Dameon','Harber','nchristiansen@example.net','89996105284','9361c3452d40bcaadbbea1d0e3419be2a6014f2a','2003-01-10 22:38:18'),(46,'Deja','Ziemann','rrosenbaum@example.org','89998558599','373ed967c3fff0fe84eacba59143c487c7fe6bf7','2020-07-10 14:38:32'),(47,'Keagan','Buckridge','udurgan@example.org','89993911002','e080df19b2b25a6fab73980843d7e1734adca45d','1988-01-08 17:01:27'),(48,'Jerome','Kessler','rbergstrom@example.org','89993200003','144db2e68a9132d67fc5dc521f9dc38b8a1004f8','1970-08-11 13:41:26'),(49,'Lyric','Howell','gregoria.howe@example.net','89994329475','08418089d87488aa018fd91edb147acc18da7592','2016-03-11 22:37:21'),(50,'Tiara','Lind','jo63@example.org','89997704825','9088f5ddd4ee5a6263bb758b7305287d8ba567ad','2001-09-07 05:58:57'),(51,'Alan','Christiansen','leilani43@example.com','89993617191','24159059a7ef4ed99c5eb972801f2139e4b821a2','1971-11-24 09:52:31'),(52,'Stacey','Lindgren','josie93@example.net','89996527378','05778aa464838dba8489320c5c67ed1e9e851461','1997-08-12 04:21:36'),(53,'Maggie','Lindgren','schowalter.gregory@example.net','89997647117','3092c364530d0c1a56c53e54e9a7e1363a0ae637','2021-02-11 16:14:48'),(54,'Lee','Yundt','bernhard.tremblay@example.net','89993509669','6f0d44ca791093d55d7cb4b016f293ed6c92697c','1985-11-22 07:03:03'),(55,'Maddison','Davis','obayer@example.org','89991617873','0635c7f322f9d75d9386764a80bfbe290d647e44','1997-10-23 16:18:49'),(56,'Adelle','Wuckert','waters.sydnee@example.com','89994716185','f6d6f84c5ab3d1f34c4eac00fd2ead9545c445b3','2007-07-22 02:22:21'),(57,'Leif','Kuphal','carolyn17@example.com','89998879519','e5db84f80e19075e87809673d3cf3224e1f5c102','1988-05-24 04:14:05'),(58,'Lamar','Parker','gislason.zita@example.com','89997424437','30aaed89c3171788f2dfd1c3b53d9e92ceaed0ed','1983-10-28 20:20:44'),(59,'Arne','Zulauf','jadyn25@example.org','89991401093','67bf1cf560c367c909f8bd7a4d9e76ba3addcabd','1985-10-26 00:58:51'),(60,'Buddy','Kuvalis','xbins@example.net','89998590267','bbed6befe6d29589c44304065527d8334ce2f4e3','2010-03-20 08:54:51'),(61,'Sydni','Goodwin','vmetz@example.com','89995677867','ea784d3d2e2b8c37e7f7aa01f3d2ebabf62c1a68','2009-10-16 22:15:48'),(62,'Elissa','Gutkowski','kaylah88@example.com','89990014296','4069caebf56a6226e6a61998283fe38373055711','1972-11-28 10:49:02'),(63,'Beau','Dickens','dean.greenfelder@example.org','89997863102','57ea90f9af5e74d5a33a9c5980d112e4d2c07bda','1983-12-20 17:44:59'),(64,'Rebecca','Trantow','yaufderhar@example.com','89994166610','57ab22c5f83db18bfb84ab122f73a7d8f8fcbcde','1984-05-29 22:37:56'),(65,'Bernardo','Kovacek','icorkery@example.net','89991242341','87772edc21ec7cee3cbb63d718a63327d0ed3f8a','2015-03-18 12:23:41'),(66,'Julien','Padberg','vance13@example.net','89991275921','81bc0aaf7a379992810cdc2121e34e9ae62fe7fa','1988-12-07 15:45:00'),(67,'Rollin','Cronin','dana.fay@example.com','89993171348','61637437d3de6d0599620fed04b3adbdd5320a9b','1991-09-04 19:57:27'),(68,'Owen','Lockman','kraig65@example.org','89995925264','60465c21b55651921d76fff9c060c7d513c6b12f','1972-08-05 05:42:25'),(69,'Lisandro','Shields','vena.donnelly@example.com','89993630039','4623b126aae6c96fec21d5cfec50243cfcfc621f','1985-12-19 00:10:04'),(70,'Hailee','Stark','breynolds@example.net','89996169222','6b276390cbdefe522bb088ecb1a0383671756db6','2020-05-25 01:08:22'),(71,'Javon','Lind','thompson.virginia@example.org','89999598927','c8875422f5a55ab9a6bd7bfeef2d038f6abc7d74','2009-04-10 15:43:54'),(72,'Amina','Larkin','kaci.jenkins@example.net','89995722332','79eb524738b9fd0af625d6d9fbfc6118d20efd32','2017-07-15 03:29:54'),(73,'Candelario','Abernathy','kwilderman@example.com','89997979138','2bbc8f0af7c6c266dc083af12f554b454f45eaf3','1987-07-08 11:33:45'),(74,'Jakob','Ebert','macejkovic.katharina@example.com','89990896011','20a5edcaa2364b13f8f4ec108c0a7214dae218c3','1985-11-09 20:43:06'),(75,'Ruth','Fahey','schaden.gennaro@example.org','89995714114','18ea83e9d05f5794ac0677dc7badc4c640491a23','1994-03-20 11:15:46'),(76,'Esta','Legros','zkshlerin@example.com','89995049121','4b26db8b68303f7efc92d268ba103a02fcfb979f','1970-08-11 05:18:38'),(77,'Lucienne','Jacobi','jward@example.com','89990027859','740a0aa97fff638e015828f3bb5b977a87eb7fb5','2019-05-12 08:49:11'),(78,'Duncan','Yundt','loma.adams@example.org','89993106273','ecde991a955bc85dddc0ed4133086bea032829df','1970-03-09 01:23:24'),(79,'Bryon','Bailey','schmeler.ally@example.com','89993957641','6a173aa34de398712bb3d974f4b0b6602ed3c0d2','2014-09-09 09:57:28'),(80,'Tyree','Hickle','obarton@example.net','89997016119','60a290bbef44702731febc24f320b24889b6dd68','1972-05-11 05:52:05'),(81,'Elsie','Hintz','delmer43@example.net','89994009532','5d36981b6b8e16d68b3e6fc1a7afbe06ea4f1979','1990-08-15 20:35:44'),(82,'Jules','Jenkins','kunde.kaci@example.net','89996137377','ebff99748d807182f1f9f618393459697149fd47','2020-07-11 20:32:37'),(83,'Lucie','Grady','stacey56@example.com','89992136118','ffb2ed65c7bfd4e28b2a04d8d14becbdd4232fc0','1993-05-01 12:40:11'),(84,'Kane','Klein','earl.rodriguez@example.com','89994794075','e418fc2afbba3fa5bc723f62c1d0e17208159274','2004-04-18 06:22:04'),(85,'Shana','Reinger','pacocha.cooper@example.net','89992980847','6a4b03db3fdb2a69fae3124cd88f035c31cc79b6','1985-09-16 20:59:52'),(86,'Leda','Murray','christa36@example.com','89999371479','2176380da892e4d2ad632ee88f5eb7b64ec24b9e','1985-11-30 16:41:54'),(87,'Israel','Nolan','schaefer.arlie@example.com','89999760325','a55064d421148e9adc02c435dec77bf002904f8a','1996-04-07 02:16:04'),(88,'Johnathan','Bogan','dale41@example.com','89997461045','d0ac803c2e3f000f4267b8add6958162e9e33666','1982-02-27 21:39:27'),(89,'Hettie','Deckow','prince45@example.net','89999197486','c8d1469aebfef40b9ed877243b60239bd98a26fa','1997-03-16 09:15:47'),(90,'Isom','Rogahn','bpfeffer@example.net','89994023890','7fc94ff39f34ac9a11838e9a8c1aa778ad2b5006','1977-12-23 21:12:42'),(91,'Finn','Corkery','maya60@example.org','89991157208','0ac9923b9e19d7123578a2b946903b8932f83811','2014-07-06 14:43:54'),(92,'Linwood','Reichel','margarette.botsford@example.org','89997579864','b0f7b332459340c183ce40bc453a06aa6065a9cf','1989-10-19 00:17:43'),(93,'Ewell','McCullough','friedrich60@example.net','89996803620','06ce14c246edf34551ae34b98dc011c17bb929c1','1975-04-20 03:40:36'),(94,'Jo','Hauck','mozell93@example.net','89998483922','d95dafa1b66ab95a5c14ab875648e5a747e551c1','2009-12-01 10:56:34'),(95,'Myriam','Boehm','desmond.anderson@example.net','89997486195','039a84be4256d8a5f7a5d1d3e47f495305797e57','2006-05-24 21:34:12'),(96,'Brando','Wintheiser','wuckert.katlynn@example.net','89993990284','8c5b356bdcfcbfd50814bbdb58597c3fd53ee957','2008-08-18 14:12:53'),(97,'Paula','Wiza','dannie26@example.net','89995408588','c92f68e6ed77aadafdc713f695eb1a9c0bcd46e7','1970-10-11 00:07:06'),(98,'Hailee','Leuschke','tanner.reinger@example.net','89999541602','bf594b44a425c91930eb5f3e517d2aa4dc772f12','1977-12-08 06:11:52'),(99,'Fay','Renner','cummerata.mariana@example.com','89993201182','7779a5f8958a8a96a694de36a74147311663c7cb','1991-04-23 09:23:17'),(100,'Cletus','Crist','rosamond.miller@example.org','89994063775','651b42d303db177baddddc3d8495f83422b10b3b','1989-06-17 02:08:47');
/*!40000 ALTER TABLE `users` ENABLE KEYS */;
UNLOCK TABLES;
/*!40103 SET TIME_ZONE=@OLD_TIME_ZONE */;

/*!40101 SET SQL_MODE=@OLD_SQL_MODE */;
/*!40014 SET FOREIGN_KEY_CHECKS=@OLD_FOREIGN_KEY_CHECKS */;
/*!40014 SET UNIQUE_CHECKS=@OLD_UNIQUE_CHECKS */;
/*!40101 SET CHARACTER_SET_CLIENT=@OLD_CHARACTER_SET_CLIENT */;
/*!40101 SET CHARACTER_SET_RESULTS=@OLD_CHARACTER_SET_RESULTS */;
/*!40101 SET COLLATION_CONNECTION=@OLD_COLLATION_CONNECTION */;
/*!40111 SET SQL_NOTES=@OLD_SQL_NOTES */;

-- Dump completed on 2021-03-24 20:27:42
